k141_113	vMAG_1
k141_70086	vMAG_1
k141_287095	vMAG_10
k141_248634	vMAG_10
k141_27335	vMAG_100
k141_27336	vMAG_100
k141_27334	vMAG_100
k141_29763	vMAG_101
k141_29762	vMAG_101
k141_31308	vMAG_102
k141_30262	vMAG_102
k141_31390	vMAG_103
k141_94551	vMAG_103
k141_31697	vMAG_104
k141_221579	vMAG_104
k141_31698	vMAG_104
k141_277526	vMAG_104
k141_34752	vMAG_105
k141_34751	vMAG_105
k141_138409	vMAG_106
k141_35264	vMAG_106
k141_35265	vMAG_106
k141_36694	vMAG_107
k141_189034	vMAG_107
k141_37170	vMAG_108
k141_37165	vMAG_108
k141_37167	vMAG_108
k141_37168	vMAG_108
k141_37166	vMAG_108
k141_41996	vMAG_109
k141_41995	vMAG_109
k141_7129	vMAG_11
k141_7128	vMAG_11
k141_188963	vMAG_11
k141_188962	vMAG_11
k141_188964	vMAG_11
k141_398767	vMAG_11
k141_42333	vMAG_110
k141_42332	vMAG_110
k141_153968	vMAG_111
k141_153967	vMAG_111
k141_153969	vMAG_111
k141_42334	vMAG_111
k141_48510	vMAG_112
k141_262814	vMAG_112
k141_49200	vMAG_113
k141_300548	vMAG_113
k141_371516	vMAG_113
k141_200665	vMAG_113
k141_85736	vMAG_113
k141_55040	vMAG_114
k141_407028	vMAG_114
k141_356841	vMAG_114
k141_407029	vMAG_114
k141_235090	vMAG_114
k141_55039	vMAG_114
k141_55216	vMAG_115
k141_92856	vMAG_115
k141_57107	vMAG_116
k141_203022	vMAG_116
k141_57106	vMAG_116
k141_248259	vMAG_117
k141_57883	vMAG_117
k141_58088	vMAG_118
k141_58090	vMAG_118
k141_58092	vMAG_118
k141_58089	vMAG_118
k141_272182	vMAG_119
k141_59197	vMAG_119
k141_362023	vMAG_12
k141_343050	vMAG_12
k141_145822	vMAG_120
k141_60302	vMAG_120
k141_261040	vMAG_121
k141_418388	vMAG_121
k141_179540	vMAG_122
k141_63930	vMAG_122
k141_298526	vMAG_123
k141_68849	vMAG_123
k141_16969	vMAG_123
k141_69822	vMAG_124
k141_69821	vMAG_124
k141_289647	vMAG_125
k141_365169	vMAG_125
k141_74698	vMAG_126
k141_145615	vMAG_126
k141_75382	vMAG_127
k141_75383	vMAG_127
k141_75381	vMAG_127
k141_280577	vMAG_127
k141_76313	vMAG_128
k141_204191	vMAG_128
k141_76817	vMAG_129
k141_76816	vMAG_129
k141_76815	vMAG_129
k141_418389	vMAG_13
k141_73411	vMAG_13
k141_8487	vMAG_13
k141_77331	vMAG_130
k141_77332	vMAG_130
k141_337645	vMAG_130
k141_80414	vMAG_131
k141_80413	vMAG_131
k141_80411	vMAG_131
k141_80412	vMAG_131
k141_227073	vMAG_132
k141_81139	vMAG_132
k141_81587	vMAG_133
k141_81586	vMAG_133
k141_82468	vMAG_134
k141_234181	vMAG_134
k141_84703	vMAG_135
k141_182680	vMAG_135
k141_222564	vMAG_135
k141_215816	vMAG_136
k141_85015	vMAG_136
k141_340357	vMAG_136
k141_421520	vMAG_137
k141_87144	vMAG_137
k141_89228	vMAG_138
k141_303290	vMAG_138
k141_253477	vMAG_138
k141_95159	vMAG_139
k141_95162	vMAG_139
k141_95160	vMAG_139
k141_95161	vMAG_139
k141_162658	vMAG_14
k141_30396	vMAG_14
k141_240031	vMAG_140
k141_362021	vMAG_140
k141_145034	vMAG_140
k141_102684	vMAG_141
k141_102688	vMAG_141
k141_103764	vMAG_142
k141_103765	vMAG_142
k141_251067	vMAG_143
k141_103903	vMAG_143
k141_106162	vMAG_144
k141_106164	vMAG_144
k141_106279	vMAG_145
k141_106278	vMAG_145
k141_107331	vMAG_146
k141_107333	vMAG_146
k141_187055	vMAG_147
k141_107865	vMAG_147
k141_310371	vMAG_148
k141_224693	vMAG_148
k141_109366	vMAG_149
k141_109367	vMAG_149
k141_13887	vMAG_15
k141_17278	vMAG_15
k141_356341	vMAG_15
k141_109823	vMAG_150
k141_382949	vMAG_150
k141_115028	vMAG_151
k141_115027	vMAG_151
k141_115030	vMAG_151
k141_122285	vMAG_152
k141_122287	vMAG_152
k141_122286	vMAG_152
k141_126953	vMAG_153
k141_126952	vMAG_153
k141_133522	vMAG_154
k141_133523	vMAG_154
k141_142747	vMAG_155
k141_135943	vMAG_155
k141_137737	vMAG_156
k141_137736	vMAG_156
k141_137735	vMAG_156
k141_137738	vMAG_156
k141_141305	vMAG_157
k141_134044	vMAG_157
k141_364192	vMAG_158
k141_364193	vMAG_158
k141_142097	vMAG_158
k141_145788	vMAG_159
k141_145787	vMAG_159
k141_110150	vMAG_16
k141_83864	vMAG_16
k141_223031	vMAG_16
k141_225704	vMAG_16
k141_107864	vMAG_16
k141_168855	vMAG_16
k141_113730	vMAG_16
k141_110151	vMAG_16
k141_358252	vMAG_16
k141_62020	vMAG_16
k141_48827	vMAG_16
k141_268262	vMAG_16
k141_8503	vMAG_16
k141_85324	vMAG_16
k141_29022	vMAG_16
k141_324384	vMAG_16
k141_118864	vMAG_16
k141_190865	vMAG_16
k141_223033	vMAG_16
k141_223032	vMAG_16
k141_215542	vMAG_160
k141_274524	vMAG_160
k141_152209	vMAG_160
k141_145805	vMAG_160
k141_309745	vMAG_160
k141_385343	vMAG_161
k141_150350	vMAG_161
k141_152746	vMAG_162
k141_343913	vMAG_162
k141_262784	vMAG_162
k141_329439	vMAG_163
k141_155017	vMAG_163
k141_398173	vMAG_164
k141_330134	vMAG_164
k141_157537	vMAG_164
k141_215817	vMAG_164
k141_171359	vMAG_165
k141_171361	vMAG_165
k141_331618	vMAG_166
k141_204188	vMAG_166
k141_171862	vMAG_166
k141_180334	vMAG_167
k141_180333	vMAG_167
k141_180335	vMAG_167
k141_185452	vMAG_168
k141_185453	vMAG_168
k141_185454	vMAG_168
k141_185449	vMAG_168
k141_187729	vMAG_169
k141_187727	vMAG_169
k141_187728	vMAG_169
k141_187730	vMAG_169
k141_31978	vMAG_17
k141_78732	vMAG_17
k141_357763	vMAG_17
k141_431331	vMAG_17
k141_39734	vMAG_17
k141_84324	vMAG_17
k141_431332	vMAG_17
k141_243568	vMAG_17
k141_8997	vMAG_17
k141_30503	vMAG_17
k141_89182	vMAG_17
k141_78731	vMAG_17
k141_431330	vMAG_17
k141_377740	vMAG_17
k141_191283	vMAG_170
k141_191282	vMAG_170
k141_191284	vMAG_170
k141_191983	vMAG_171
k141_222945	vMAG_171
k141_195576	vMAG_172
k141_272921	vMAG_172
k141_374891	vMAG_173
k141_381161	vMAG_173
k141_374890	vMAG_173
k141_374892	vMAG_173
k141_200759	vMAG_174
k141_200760	vMAG_174
k141_200761	vMAG_174
k141_204190	vMAG_175
k141_204189	vMAG_175
k141_205413	vMAG_176
k141_243128	vMAG_176
k141_208979	vMAG_176
k141_237777	vMAG_176
k141_243126	vMAG_176
k141_387016	vMAG_176
k141_396594	vMAG_176
k141_369612	vMAG_176
k141_237778	vMAG_176
k141_222895	vMAG_177
k141_222894	vMAG_177
k141_265707	vMAG_178
k141_225702	vMAG_178
k141_370489	vMAG_178
k141_231047	vMAG_179
k141_231049	vMAG_179
k141_353306	vMAG_18
k141_356085	vMAG_18
k141_240740	vMAG_180
k141_240741	vMAG_180
k141_240742	vMAG_180
k141_245643	vMAG_181
k141_245642	vMAG_181
k141_245844	vMAG_182
k141_245846	vMAG_182
k141_250187	vMAG_183
k141_250186	vMAG_183
k141_256879	vMAG_184
k141_256880	vMAG_184
k141_263350	vMAG_185
k141_263349	vMAG_185
k141_277364	vMAG_185
k141_272766	vMAG_186
k141_272765	vMAG_186
k141_273165	vMAG_187
k141_273164	vMAG_187
k141_273163	vMAG_187
k141_275706	vMAG_188
k141_308798	vMAG_188
k141_281681	vMAG_189
k141_281679	vMAG_189
k141_281682	vMAG_189
k141_281680	vMAG_189
k141_133628	vMAG_19
k141_336032	vMAG_19
k141_35108	vMAG_19
k141_284877	vMAG_190
k141_284876	vMAG_190
k141_332903	vMAG_191
k141_291246	vMAG_191
k141_79539	vMAG_191
k141_300762	vMAG_192
k141_300761	vMAG_192
k141_318668	vMAG_193
k141_318669	vMAG_193
k141_318670	vMAG_193
k141_439178	vMAG_194
k141_322203	vMAG_194
k141_439179	vMAG_194
k141_325307	vMAG_195
k141_329234	vMAG_195
k141_332840	vMAG_196
k141_332841	vMAG_196
k141_340358	vMAG_197
k141_361812	vMAG_197
k141_352993	vMAG_198
k141_352995	vMAG_198
k141_355895	vMAG_199
k141_355896	vMAG_199
k141_97325	vMAG_2
k141_266942	vMAG_2
k141_51831	vMAG_2
k141_2466	vMAG_2
k141_282995	vMAG_2
k141_289598	vMAG_2
k141_2465	vMAG_2
k141_244944	vMAG_2
k141_27331	vMAG_2
k141_134369	vMAG_2
k141_126912	vMAG_2
k141_150351	vMAG_20
k141_150352	vMAG_20
k141_361813	vMAG_200
k141_361814	vMAG_200
k141_369417	vMAG_201
k141_369416	vMAG_201
k141_400093	vMAG_202
k141_400094	vMAG_202
k141_418267	vMAG_203
k141_418268	vMAG_203
k141_439907	vMAG_204
k141_439909	vMAG_204
k141_439912	vMAG_204
k141_439908	vMAG_204
k141_363823	vMAG_205
k141_225449	vMAG_205
k141_252126	vMAG_21
k141_10694	vMAG_21
k141_252125	vMAG_21
k141_352994	vMAG_21
k141_326364	vMAG_22
k141_37358	vMAG_22
k141_19463	vMAG_22
k141_54053	vMAG_22
k141_400092	vMAG_22
k141_294376	vMAG_22
k141_106265	vMAG_22
k141_52800	vMAG_22
k141_326365	vMAG_22
k141_10949	vMAG_22
k141_37360	vMAG_22
k141_106268	vMAG_22
k141_106266	vMAG_22
k141_58308	vMAG_22
k141_142838	vMAG_22
k141_142839	vMAG_22
k141_400090	vMAG_22
k141_44346	vMAG_23
k141_370934	vMAG_23
k141_406459	vMAG_23
k141_35263	vMAG_23
k141_35261	vMAG_23
k141_35262	vMAG_23
k141_370936	vMAG_23
k141_370935	vMAG_23
k141_138408	vMAG_23
k141_117548	vMAG_24
k141_438525	vMAG_24
k141_117546	vMAG_24
k141_441180	vMAG_25
k141_165263	vMAG_25
k141_171716	vMAG_26
k141_204050	vMAG_26
k141_32159	vMAG_26
k141_174608	vMAG_26
k141_347842	vMAG_26
k141_254037	vMAG_27
k141_374620	vMAG_27
k141_258766	vMAG_27
k141_152661	vMAG_27
k141_81619	vMAG_27
k141_24563	vMAG_27
k141_219435	vMAG_27
k141_24562	vMAG_27
k141_191807	vMAG_28
k141_116372	vMAG_28
k141_240867	vMAG_29
k141_182940	vMAG_29
k141_61016	vMAG_29
k141_306349	vMAG_29
k141_374005	vMAG_3
k141_136295	vMAG_3
k141_370517	vMAG_30
k141_370518	vMAG_30
k141_97623	vMAG_30
k141_403232	vMAG_30
k141_113481	vMAG_30
k141_31682	vMAG_30
k141_21759	vMAG_30
k141_396753	vMAG_30
k141_21758	vMAG_30
k141_389696	vMAG_31
k141_184858	vMAG_31
k141_145056	vMAG_31
k141_204687	vMAG_32
k141_26419	vMAG_32
k141_47687	vMAG_32
k141_49046	vMAG_33
k141_63778	vMAG_33
k141_163252	vMAG_33
k141_171488	vMAG_33
k141_90515	vMAG_33
k141_226077	vMAG_33
k141_27633	vMAG_33
k141_72185	vMAG_34
k141_72186	vMAG_34
k141_29023	vMAG_35
k141_277365	vMAG_35
k141_99223	vMAG_35
k141_277367	vMAG_35
k141_103768	vMAG_36
k141_103767	vMAG_36
k141_103766	vMAG_36
k141_31656	vMAG_36
k141_38251	vMAG_37
k141_81045	vMAG_37
k141_234158	vMAG_38
k141_58101	vMAG_38
k141_41437	vMAG_39
k141_41435	vMAG_39
k141_41438	vMAG_39
k141_366575	vMAG_4
k141_238917	vMAG_4
k141_171864	vMAG_40
k141_82226	vMAG_40
k141_63563	vMAG_40
k141_114025	vMAG_41
k141_42384	vMAG_41
k141_119939	vMAG_41
k141_315359	vMAG_41
k141_56721	vMAG_41
k141_180593	vMAG_42
k141_47541	vMAG_42
k141_42527	vMAG_42
k141_129517	vMAG_42
k141_283529	vMAG_42
k141_387514	vMAG_42
k141_146608	vMAG_43
k141_146607	vMAG_43
k141_377132	vMAG_44
k141_377133	vMAG_44
k141_60753	vMAG_45
k141_153682	vMAG_45
k141_106996	vMAG_45
k141_163106	vMAG_45
k141_91638	vMAG_45
k141_163105	vMAG_45
k141_67947	vMAG_45
k141_48828	vMAG_46
k141_111092	vMAG_46
k141_104369	vMAG_47
k141_233493	vMAG_47
k141_236443	vMAG_48
k141_62557	vMAG_48
k141_66541	vMAG_48
k141_236441	vMAG_48
k141_68746	vMAG_49
k141_68747	vMAG_49
k141_33639	vMAG_5
k141_70412	vMAG_5
k141_244943	vMAG_5
k141_119940	vMAG_5
k141_307889	vMAG_5
k141_82713	vMAG_5
k141_76818	vMAG_5
k141_4588	vMAG_5
k141_168620	vMAG_5
k141_82712	vMAG_5
k141_119938	vMAG_5
k141_76819	vMAG_5
k141_336061	vMAG_5
k141_76605	vMAG_5
k141_90766	vMAG_5
k141_82714	vMAG_5
k141_4589	vMAG_5
k141_167705	vMAG_50
k141_100962	vMAG_50
k141_69708	vMAG_50
k141_227911	vMAG_50
k141_116455	vMAG_50
k141_385286	vMAG_50
k141_79267	vMAG_51
k141_80604	vMAG_51
k141_80822	vMAG_52
k141_173459	vMAG_52
k141_378464	vMAG_53
k141_405381	vMAG_53
k141_212713	vMAG_53
k141_81585	vMAG_54
k141_81584	vMAG_54
k141_312237	vMAG_55
k141_156708	vMAG_55
k141_302496	vMAG_55
k141_312234	vMAG_55
k141_67367	vMAG_55
k141_97513	vMAG_55
k141_312236	vMAG_55
k141_198282	vMAG_55
k141_111592	vMAG_55
k141_348907	vMAG_55
k141_89767	vMAG_56
k141_89768	vMAG_56
k141_96887	vMAG_57
k141_318667	vMAG_57
k141_98148	vMAG_58
k141_386151	vMAG_58
k141_415457	vMAG_58
k141_98173	vMAG_59
k141_277300	vMAG_59
k141_250191	vMAG_59
k141_218819	vMAG_6
k141_232134	vMAG_6
k141_249657	vMAG_6
k141_176573	vMAG_6
k141_144560	vMAG_60
k141_101241	vMAG_60
k141_135710	vMAG_60
k141_304564	vMAG_60
k141_130982	vMAG_60
k141_136623	vMAG_60
k141_299413	vMAG_60
k141_304565	vMAG_60
k141_382951	vMAG_61
k141_382950	vMAG_61
k141_382948	vMAG_61
k141_185704	vMAG_61
k141_109822	vMAG_61
k141_290316	vMAG_61
k141_406462	vMAG_62
k141_49191	vMAG_62
k141_186265	vMAG_62
k141_82257	vMAG_62
k141_132644	vMAG_62
k141_385263	vMAG_62
k141_116216	vMAG_63
k141_116217	vMAG_63
k141_139856	vMAG_63
k141_280039	vMAG_64
k141_137796	vMAG_64
k141_335069	vMAG_65
k141_335065	vMAG_65
k141_232225	vMAG_65
k141_335068	vMAG_65
k141_232226	vMAG_65
k141_142014	vMAG_65
k141_179621	vMAG_66
k141_179620	vMAG_66
k141_174242	vMAG_67
k141_223715	vMAG_67
k141_197164	vMAG_68
k141_197165	vMAG_68
k141_232196	vMAG_69
k141_217630	vMAG_69
k141_254948	vMAG_7
k141_87231	vMAG_7
k141_84672	vMAG_7
k141_214178	vMAG_7
k141_329383	vMAG_7
k141_17530	vMAG_7
k141_280891	vMAG_7
k141_19665	vMAG_7
k141_165337	vMAG_7
k141_323149	vMAG_7
k141_53755	vMAG_7
k141_5837	vMAG_7
k141_173553	vMAG_7
k141_64816	vMAG_7
k141_42423	vMAG_7
k141_57285	vMAG_7
k141_36159	vMAG_7
k141_130727	vMAG_7
k141_19668	vMAG_7
k141_231612	vMAG_70
k141_48719	vMAG_70
k141_48716	vMAG_70
k141_231614	vMAG_70
k141_231613	vMAG_70
k141_231616	vMAG_70
k141_300923	vMAG_71
k141_285905	vMAG_71
k141_300924	vMAG_71
k141_207571	vMAG_71
k141_300919	vMAG_71
k141_300920	vMAG_71
k141_120726	vMAG_71
k141_394883	vMAG_72
k141_394882	vMAG_72
k141_428950	vMAG_73
k141_399716	vMAG_73
k141_428952	vMAG_73
k141_422022	vMAG_74
k141_422024	vMAG_74
k141_422026	vMAG_74
k141_422023	vMAG_74
k141_440285	vMAG_75
k141_440286	vMAG_75
k141_440284	vMAG_75
k141_440283	vMAG_75
k141_440418	vMAG_76
k141_440419	vMAG_76
k141_2157	vMAG_77
k141_136414	vMAG_77
k141_140241	vMAG_78
k141_176869	vMAG_78
k141_2547	vMAG_78
k141_140239	vMAG_78
k141_140240	vMAG_78
k141_100448	vMAG_78
k141_141381	vMAG_79
k141_169365	vMAG_79
k141_142903	vMAG_79
k141_158193	vMAG_8
k141_243127	vMAG_8
k141_143576	vMAG_8
k141_143578	vMAG_8
k141_143577	vMAG_8
k141_143579	vMAG_8
k141_263679	vMAG_80
k141_50048	vMAG_80
k141_4668	vMAG_80
k141_70337	vMAG_81
k141_5800	vMAG_81
k141_6821	vMAG_82
k141_127506	vMAG_82
k141_126410	vMAG_82
k141_220518	vMAG_83
k141_361906	vMAG_83
k141_362042	vMAG_84
k141_361908	vMAG_84
k141_264220	vMAG_84
k141_151949	vMAG_85
k141_8972	vMAG_85
k141_434810	vMAG_85
k141_9718	vMAG_86
k141_9720	vMAG_86
k141_39715	vMAG_87
k141_223803	vMAG_87
k141_13175	vMAG_88
k141_13177	vMAG_88
k141_13176	vMAG_88
k141_13178	vMAG_88
k141_13174	vMAG_88
k141_203225	vMAG_89
k141_342892	vMAG_89
k141_15635	vMAG_89
k141_150537	vMAG_9
k141_47768	vMAG_9
k141_140003	vMAG_90
k141_16620	vMAG_90
k141_16621	vMAG_90
k141_44823	vMAG_90
k141_365906	vMAG_91
k141_124698	vMAG_91
k141_198383	vMAG_91
k141_17200	vMAG_91
k141_42032	vMAG_91
k141_171483	vMAG_91
k141_124696	vMAG_91
k141_73506	vMAG_91
k141_89996	vMAG_92
k141_155706	vMAG_92
k141_19669	vMAG_92
k141_98783	vMAG_92
k141_19670	vMAG_92
k141_164139	vMAG_93
k141_120660	vMAG_93
k141_87229	vMAG_94
k141_87228	vMAG_94
k141_20266	vMAG_95
k141_199428	vMAG_95
k141_199429	vMAG_95
k141_199427	vMAG_95
k141_20267	vMAG_95
k141_20403	vMAG_96
k141_91140	vMAG_96
k141_113279	vMAG_96
k141_91141	vMAG_96
k141_173839	vMAG_96
k141_21827	vMAG_97
k141_224262	vMAG_97
k141_345557	vMAG_98
k141_22864	vMAG_98
k141_22865	vMAG_98
k141_175498	vMAG_99
k141_175495	vMAG_99
