k141_72041	vMAG_1
k141_72042	vMAG_1
k141_137413	vMAG_10
k141_706259	vMAG_10
k141_80351	vMAG_100
k141_80352	vMAG_100
k141_254022	vMAG_101
k141_86992	vMAG_101
k141_113617	vMAG_102
k141_606714	vMAG_102
k141_216681	vMAG_103
k141_193595	vMAG_103
k141_519992	vMAG_103
k141_699362	vMAG_103
k141_793132	vMAG_103
k141_193596	vMAG_103
k141_699361	vMAG_103
k141_111990	vMAG_103
k141_519990	vMAG_103
k141_519991	vMAG_103
k141_202643	vMAG_103
k141_216680	vMAG_103
k141_197628	vMAG_103
k141_98284	vMAG_103
k141_98285	vMAG_103
k141_591081	vMAG_104
k141_591083	vMAG_104
k141_106115	vMAG_104
k141_108254	vMAG_105
k141_316884	vMAG_105
k141_456615	vMAG_106
k141_347293	vMAG_106
k141_347292	vMAG_106
k141_108623	vMAG_106
k141_111992	vMAG_107
k141_793134	vMAG_107
k141_154598	vMAG_108
k141_118548	vMAG_108
k141_126226	vMAG_109
k141_126225	vMAG_109
k141_126228	vMAG_109
k141_305178	vMAG_11
k141_440074	vMAG_11
k141_162852	vMAG_11
k141_102845	vMAG_11
k141_153214	vMAG_11
k141_517275	vMAG_11
k141_417916	vMAG_11
k141_541330	vMAG_11
k141_49070	vMAG_11
k141_188530	vMAG_11
k141_310255	vMAG_11
k141_123592	vMAG_11
k141_403696	vMAG_11
k141_622762	vMAG_11
k141_691389	vMAG_11
k141_787776	vMAG_11
k141_95858	vMAG_11
k141_90191	vMAG_11
k141_368621	vMAG_11
k141_454417	vMAG_11
k141_211673	vMAG_11
k141_33604	vMAG_11
k141_303307	vMAG_11
k141_57821	vMAG_11
k141_258654	vMAG_11
k141_366893	vMAG_11
k141_458189	vMAG_11
k141_495207	vMAG_110
k141_555765	vMAG_110
k141_762102	vMAG_110
k141_771519	vMAG_110
k141_148938	vMAG_110
k141_207718	vMAG_110
k141_771518	vMAG_110
k141_133620	vMAG_110
k141_732478	vMAG_110
k141_667339	vMAG_110
k141_407385	vMAG_110
k141_607969	vMAG_110
k141_771520	vMAG_110
k141_606632	vMAG_110
k141_503554	vMAG_110
k141_627678	vMAG_110
k141_378639	vMAG_110
k141_364191	vMAG_111
k141_151015	vMAG_111
k141_151639	vMAG_112
k141_299350	vMAG_112
k141_154658	vMAG_113
k141_325711	vMAG_113
k141_592580	vMAG_113
k141_211222	vMAG_114
k141_157331	vMAG_114
k141_167202	vMAG_115
k141_348968	vMAG_115
k141_343336	vMAG_116
k141_168822	vMAG_116
k141_420304	vMAG_117
k141_174719	vMAG_117
k141_175610	vMAG_118
k141_511185	vMAG_118
k141_176608	vMAG_119
k141_506907	vMAG_119
k141_464944	vMAG_119
k141_460301	vMAG_12
k141_388651	vMAG_12
k141_481941	vMAG_12
k141_425183	vMAG_12
k141_198708	vMAG_120
k141_778891	vMAG_120
k141_731695	vMAG_120
k141_385982	vMAG_121
k141_490141	vMAG_121
k141_199533	vMAG_121
k141_375667	vMAG_121
k141_348492	vMAG_122
k141_207353	vMAG_122
k141_282855	vMAG_123
k141_212607	vMAG_123
k141_585587	vMAG_124
k141_230089	vMAG_124
k141_534896	vMAG_125
k141_597684	vMAG_125
k141_780003	vMAG_125
k141_249105	vMAG_125
k141_279424	vMAG_126
k141_427392	vMAG_126
k141_381519	vMAG_127
k141_242069	vMAG_127
k141_512540	vMAG_128
k141_775325	vMAG_128
k141_314667	vMAG_129
k141_314669	vMAG_129
k141_255722	vMAG_13
k141_451230	vMAG_13
k141_298959	vMAG_13
k141_192687	vMAG_13
k141_412420	vMAG_13
k141_658531	vMAG_13
k141_121078	vMAG_13
k141_209376	vMAG_13
k141_13583	vMAG_13
k141_131217	vMAG_13
k141_495401	vMAG_130
k141_314782	vMAG_130
k141_326070	vMAG_130
k141_326069	vMAG_130
k141_318584	vMAG_131
k141_696372	vMAG_131
k141_704228	vMAG_132
k141_339837	vMAG_132
k141_704230	vMAG_132
k141_375782	vMAG_133
k141_652060	vMAG_133
k141_427033	vMAG_134
k141_385066	vMAG_134
k141_391562	vMAG_135
k141_549026	vMAG_135
k141_396878	vMAG_136
k141_790132	vMAG_136
k141_401724	vMAG_137
k141_562366	vMAG_137
k141_527510	vMAG_138
k141_427887	vMAG_138
k141_441833	vMAG_139
k141_752282	vMAG_139
k141_307661	vMAG_14
k141_759762	vMAG_14
k141_452670	vMAG_140
k141_634628	vMAG_140
k141_528076	vMAG_141
k141_528077	vMAG_141
k141_731552	vMAG_142
k141_731553	vMAG_142
k141_538151	vMAG_142
k141_560545	vMAG_143
k141_560546	vMAG_143
k141_578647	vMAG_144
k141_578646	vMAG_144
k141_605065	vMAG_145
k141_605063	vMAG_145
k141_780238	vMAG_146
k141_711199	vMAG_146
k141_780237	vMAG_146
k141_793065	vMAG_147
k141_793064	vMAG_147
k141_793191	vMAG_148
k141_793189	vMAG_148
k141_793190	vMAG_148
k141_164775	vMAG_15
k141_47387	vMAG_15
k141_503230	vMAG_15
k141_783895	vMAG_15
k141_271116	vMAG_15
k141_165324	vMAG_15
k141_724483	vMAG_15
k141_266637	vMAG_15
k141_364013	vMAG_15
k141_201600	vMAG_15
k141_661050	vMAG_15
k141_53791	vMAG_15
k141_677623	vMAG_15
k141_19181	vMAG_15
k141_16313	vMAG_15
k141_139072	vMAG_15
k141_71495	vMAG_16
k141_519219	vMAG_16
k141_519220	vMAG_16
k141_165604	vMAG_16
k141_503966	vMAG_16
k141_443099	vMAG_16
k141_443097	vMAG_16
k141_301971	vMAG_16
k141_225370	vMAG_16
k141_443098	vMAG_16
k141_195773	vMAG_16
k141_426545	vMAG_16
k141_23323	vMAG_16
k141_214334	vMAG_16
k141_493092	vMAG_16
k141_216290	vMAG_16
k141_702971	vMAG_16
k141_605873	vMAG_16
k141_75630	vMAG_17
k141_759719	vMAG_17
k141_67558	vMAG_17
k141_382000	vMAG_17
k141_213579	vMAG_17
k141_316883	vMAG_17
k141_343890	vMAG_17
k141_260650	vMAG_17
k141_541000	vMAG_17
k141_67557	vMAG_17
k141_73008	vMAG_18
k141_196414	vMAG_18
k141_216118	vMAG_19
k141_230897	vMAG_19
k141_527658	vMAG_19
k141_59164	vMAG_2
k141_3623	vMAG_2
k141_593125	vMAG_20
k141_163062	vMAG_20
k141_408847	vMAG_20
k141_519656	vMAG_20
k141_643277	vMAG_20
k141_672789	vMAG_20
k141_224544	vMAG_20
k141_708527	vMAG_20
k141_81925	vMAG_20
k141_126565	vMAG_20
k141_737585	vMAG_20
k141_422808	vMAG_20
k141_97035	vMAG_20
k141_391663	vMAG_20
k141_229501	vMAG_21
k141_626800	vMAG_21
k141_669859	vMAG_22
k141_252179	vMAG_22
k141_35947	vMAG_22
k141_478743	vMAG_22
k141_326681	vMAG_22
k141_390878	vMAG_22
k141_303439	vMAG_23
k141_404711	vMAG_23
k141_513690	vMAG_24
k141_513689	vMAG_24
k141_787174	vMAG_24
k141_65792	vMAG_24
k141_573866	vMAG_24
k141_704144	vMAG_24
k141_199782	vMAG_25
k141_549527	vMAG_25
k141_292975	vMAG_26
k141_292972	vMAG_26
k141_38277	vMAG_27
k141_314545	vMAG_27
k141_608930	vMAG_27
k141_146720	vMAG_28
k141_284148	vMAG_28
k141_597621	vMAG_28
k141_39002	vMAG_28
k141_422006	vMAG_28
k141_536008	vMAG_29
k141_723954	vMAG_29
k141_366850	vMAG_3
k141_566221	vMAG_3
k141_122656	vMAG_3
k141_125271	vMAG_3
k141_733909	vMAG_30
k141_486203	vMAG_30
k141_465004	vMAG_30
k141_488801	vMAG_31
k141_341022	vMAG_31
k141_45189	vMAG_32
k141_261799	vMAG_32
k141_48283	vMAG_33
k141_183526	vMAG_33
k141_242901	vMAG_33
k141_49720	vMAG_34
k141_448793	vMAG_34
k141_213087	vMAG_34
k141_385934	vMAG_34
k141_118631	vMAG_34
k141_227223	vMAG_35
k141_53925	vMAG_35
k141_231915	vMAG_35
k141_152825	vMAG_35
k141_446014	vMAG_35
k141_266598	vMAG_35
k141_105828	vMAG_36
k141_80709	vMAG_36
k141_105827	vMAG_36
k141_676463	vMAG_37
k141_106150	vMAG_37
k141_475161	vMAG_37
k141_739697	vMAG_37
k141_277742	vMAG_37
k141_67441	vMAG_37
k141_67443	vMAG_37
k141_676462	vMAG_37
k141_221984	vMAG_37
k141_244363	vMAG_37
k141_223078	vMAG_37
k141_67446	vMAG_37
k141_106152	vMAG_37
k141_106151	vMAG_37
k141_473189	vMAG_38
k141_527511	vMAG_38
k141_60245	vMAG_39
k141_555678	vMAG_39
k141_75801	vMAG_4
k141_118989	vMAG_4
k141_300681	vMAG_4
k141_209678	vMAG_4
k141_4520	vMAG_4
k141_112020	vMAG_4
k141_208847	vMAG_4
k141_227627	vMAG_4
k141_70870	vMAG_4
k141_227626	vMAG_4
k141_397631	vMAG_4
k141_538784	vMAG_4
k141_552276	vMAG_4
k141_157927	vMAG_4
k141_106839	vMAG_4
k141_380530	vMAG_4
k141_647104	vMAG_4
k141_292454	vMAG_4
k141_13497	vMAG_4
k141_112017	vMAG_4
k141_69612	vMAG_4
k141_784360	vMAG_4
k141_286254	vMAG_4
k141_664319	vMAG_40
k141_161343	vMAG_40
k141_590621	vMAG_40
k141_61034	vMAG_40
k141_658500	vMAG_40
k141_664318	vMAG_40
k141_633889	vMAG_41
k141_423342	vMAG_41
k141_187706	vMAG_41
k141_519284	vMAG_41
k141_62804	vMAG_41
k141_174450	vMAG_41
k141_293822	vMAG_42
k141_62807	vMAG_42
k141_62812	vMAG_43
k141_119513	vMAG_43
k141_64147	vMAG_43
k141_470618	vMAG_43
k141_790554	vMAG_44
k141_62906	vMAG_44
k141_102626	vMAG_44
k141_334332	vMAG_44
k141_334328	vMAG_44
k141_102627	vMAG_44
k141_166817	vMAG_44
k141_790551	vMAG_44
k141_102625	vMAG_44
k141_723989	vMAG_44
k141_790553	vMAG_44
k141_141473	vMAG_45
k141_494859	vMAG_45
k141_92239	vMAG_45
k141_167338	vMAG_46
k141_218182	vMAG_46
k141_535911	vMAG_47
k141_338868	vMAG_47
k141_535912	vMAG_47
k141_74891	vMAG_48
k141_138903	vMAG_48
k141_254007	vMAG_49
k141_76188	vMAG_49
k141_43701	vMAG_5
k141_69337	vMAG_5
k141_738840	vMAG_50
k141_289647	vMAG_50
k141_738841	vMAG_50
k141_174718	vMAG_51
k141_390875	vMAG_51
k141_88859	vMAG_51
k141_179484	vMAG_52
k141_609600	vMAG_52
k141_414863	vMAG_52
k141_563045	vMAG_52
k141_664079	vMAG_52
k141_496177	vMAG_52
k141_95807	vMAG_52
k141_290304	vMAG_52
k141_179486	vMAG_52
k141_246521	vMAG_52
k141_350737	vMAG_53
k141_371311	vMAG_53
k141_682781	vMAG_54
k141_534437	vMAG_54
k141_765343	vMAG_54
k141_577523	vMAG_54
k141_613568	vMAG_54
k141_154561	vMAG_55
k141_189901	vMAG_55
k141_109698	vMAG_56
k141_416288	vMAG_56
k141_594474	vMAG_57
k141_109924	vMAG_57
k141_109926	vMAG_57
k141_607018	vMAG_57
k141_395234	vMAG_57
k141_121689	vMAG_57
k141_782083	vMAG_57
k141_653775	vMAG_57
k141_109925	vMAG_57
k141_125526	vMAG_58
k141_472632	vMAG_58
k141_763786	vMAG_59
k141_129858	vMAG_59
k141_283102	vMAG_59
k141_570440	vMAG_59
k141_521604	vMAG_59
k141_478520	vMAG_59
k141_210122	vMAG_59
k141_569702	vMAG_59
k141_352335	vMAG_6
k141_332967	vMAG_6
k141_615759	vMAG_6
k141_342457	vMAG_6
k141_667044	vMAG_6
k141_741596	vMAG_6
k141_146969	vMAG_60
k141_403135	vMAG_60
k141_629442	vMAG_60
k141_234824	vMAG_60
k141_403137	vMAG_60
k141_193830	vMAG_61
k141_193829	vMAG_61
k141_374603	vMAG_61
k141_181768	vMAG_62
k141_213788	vMAG_62
k141_186632	vMAG_63
k141_195183	vMAG_63
k141_186948	vMAG_64
k141_448071	vMAG_64
k141_371197	vMAG_65
k141_195193	vMAG_65
k141_230146	vMAG_66
k141_401910	vMAG_66
k141_700910	vMAG_66
k141_490348	vMAG_66
k141_700909	vMAG_66
k141_532214	vMAG_67
k141_725587	vMAG_67
k141_791428	vMAG_67
k141_202478	vMAG_67
k141_326194	vMAG_67
k141_202480	vMAG_67
k141_354724	vMAG_68
k141_394234	vMAG_68
k141_272773	vMAG_69
k141_272772	vMAG_69
k141_688118	vMAG_69
k141_330919	vMAG_7
k141_305954	vMAG_7
k141_588946	vMAG_70
k141_376714	vMAG_70
k141_55022	vMAG_70
k141_737525	vMAG_71
k141_292082	vMAG_71
k141_292973	vMAG_72
k141_292976	vMAG_72
k141_448934	vMAG_73
k141_448936	vMAG_73
k141_418057	vMAG_74
k141_418054	vMAG_74
k141_741438	vMAG_74
k141_439751	vMAG_75
k141_675462	vMAG_75
k141_480735	vMAG_76
k141_480736	vMAG_76
k141_480734	vMAG_76
k141_480733	vMAG_76
k141_503277	vMAG_77
k141_503278	vMAG_77
k141_503279	vMAG_77
k141_713665	vMAG_78
k141_527715	vMAG_78
k141_566610	vMAG_79
k141_777632	vMAG_79
k141_81468	vMAG_8
k141_377417	vMAG_8
k141_5266	vMAG_8
k141_281168	vMAG_8
k141_441535	vMAG_8
k141_221309	vMAG_8
k141_700987	vMAG_8
k141_578643	vMAG_80
k141_578645	vMAG_80
k141_37525	vMAG_81
k141_1612	vMAG_81
k141_4822	vMAG_82
k141_644153	vMAG_82
k141_656948	vMAG_82
k141_265471	vMAG_83
k141_4944	vMAG_83
k141_732712	vMAG_84
k141_9015	vMAG_84
k141_344178	vMAG_85
k141_51090	vMAG_85
k141_272745	vMAG_85
k141_344180	vMAG_85
k141_544312	vMAG_85
k141_103053	vMAG_85
k141_337433	vMAG_85
k141_777149	vMAG_85
k141_420630	vMAG_85
k141_420631	vMAG_85
k141_46997	vMAG_85
k141_9856	vMAG_85
k141_272746	vMAG_85
k141_711500	vMAG_86
k141_561402	vMAG_86
k141_561403	vMAG_86
k141_424459	vMAG_86
k141_12342	vMAG_86
k141_570372	vMAG_87
k141_20957	vMAG_87
k141_448805	vMAG_87
k141_53898	vMAG_87
k141_770143	vMAG_87
k141_168450	vMAG_87
k141_222530	vMAG_87
k141_107277	vMAG_87
k141_557720	vMAG_88
k141_376439	vMAG_88
k141_656146	vMAG_88
k141_28270	vMAG_88
k141_704229	vMAG_89
k141_37889	vMAG_89
k141_517630	vMAG_9
k141_254201	vMAG_9
k141_269748	vMAG_9
k141_103709	vMAG_9
k141_531254	vMAG_9
k141_365964	vMAG_9
k141_98373	vMAG_9
k141_289866	vMAG_9
k141_658463	vMAG_9
k141_105799	vMAG_9
k141_243994	vMAG_9
k141_6409	vMAG_9
k141_732017	vMAG_9
k141_635283	vMAG_9
k141_187268	vMAG_9
k141_279660	vMAG_9
k141_139232	vMAG_90
k141_449997	vMAG_90
k141_43364	vMAG_90
k141_43365	vMAG_90
k141_54728	vMAG_91
k141_185143	vMAG_91
k141_56436	vMAG_92
k141_56435	vMAG_92
k141_536841	vMAG_93
k141_57435	vMAG_93
k141_473190	vMAG_93
k141_427886	vMAG_93
k141_100626	vMAG_94
k141_63874	vMAG_94
k141_68156	vMAG_95
k141_476137	vMAG_95
k141_69182	vMAG_96
k141_124588	vMAG_96
k141_69978	vMAG_97
k141_69979	vMAG_97
k141_427885	vMAG_98
k141_77763	vMAG_98
k141_77764	vMAG_98
k141_78465	vMAG_99
k141_78466	vMAG_99
