mobile_cluster_name	mobile_cluster_length (bp)	mobile_cluster_read_count (reads)	mobile_cluster_read_depth (reads/kbp)	mobile_cluster_read_depth_in_this_cluster (reads/kbp)	cluster_name	cluster_length (bp)	cluster_read_count (reads)	cluster_read_depth (reads/kbp)	intra_read_count (reads)	intra_linkage_density (reads/kbp^2)	inter_read_count (reads)	raw_inter_linkage_density (reads/kbp^2)	raw_inter_vs_intra_ratio	mobile_element_copies_per_cell	adjusted_inter_connective_linkage_density (reads/kbp^2)	adjusted_inter_vs_intra_ratio
vMAG_19	62462	6196	99.19631135730525	63.439501449439405	bin_88	1749133	171483	98.03885696513645	3191	0.0021173956125259325	220	0.0020136498836903207	0.9510031435685043	0.6470852824406051	0.003111877117797298	1.4696720345448366
vMAG_37	52581	6139	116.75319982503186	109.10462796751531	bin_124	1368296	162033	118.4195524944895	14538	0.015759775319849133	970	0.013482264266550846	0.8554858170833307	0.9213396408721639	0.014633327025621286	0.9285238354376089
vMAG_299	21859	8796	402.3971819387895	381.1864871076786	bin_31	2518876	1020187	405.0167614443903	97498	0.031018748534795068	1887	0.03427163482623861	1.104868392346475	0.9411622515282404	0.036414162138981895	1.1739404024677063
vMAG_14	20907	3321	158.84631941455015	137.53276263234469	bin_20	2856295	422928	148.06873939841648	19781	0.004873154031867959	342	0.005727054647676771	1.1752254515709404	0.9288440165771785	0.006165787307088611	1.2652559855008656
vMAG_278	11010	3403	309.08265213442326	170.16910061333417	bin_58	2157948	153383	71.07817241193949	5558	0.002413406957364536	49	0.0020623757133477697	0.8545495019206807	2.394111931115855	0.0008614366298181101	0.35693799058191467
vMAG_120	15935	12586	789.8336994038281	36.566374972399444	bin_2	5101738	148221	29.053040356051213	4084	0.00031616987900277843	5	6.150349346798944e-05	0.19452673247045446	1.2586075166065482	4.8866300778033545e-05	0.15455710370690978
vMAG_186	19056	7533	395.30856423173805	223.84942793845408	bin_132	1253188	567086	452.51470649256134	7786	0.01011920017761612	94	0.0039362246965306096	0.38898575257337237	0.49467879104639406	0.007957132522710976	0.7863400647328153
vMAG_186	19056	7533	395.30856423173805	4.762753785924555	bin_7	3343853	62561	18.709255460691605	813	0.0001456465688615949	2	3.138709157342132e-05	0.21550175756799228	0.2545667194470226	0.0001232961309380947	0.846543326779367
vMAG_186	19056	7533	395.30856423173805	4.762753785924555	bin_28	2617741	77169	29.479234194673957	1299	0.00038082305533200983	2	4.009327902151497e-05	0.10528059806295283	0.16156300921769012	0.000248158778520232	0.6516380115271166
vMAG_186	19056	7533	395.30856423173805	4.762753785924555	bin_125	1361891	44328	32.5488603713513	1403	0.0015234611317514529	2	7.706477267201238e-05	0.05058532250403696	0.14632628398002567	0.0005266639087379007	0.34570222880082246
vMAG_186	19056	7533	395.30856423173805	4.762753785924555	bin_203	495193	15288	30.872811206943556	171	0.001405889586850772	2	0.00021194528258489036	0.15075528303730673	0.15427016846633557	0.0013738578539968375	0.9772160394717153
vMAG_111	20147	1484	73.65860922221671	62.474841329838256	bin_26	2655902	187129	70.45779550600888	6473	0.0018458719116897534	162	0.003027558768918156	1.6401781454850026	0.8866987801869304	0.003414416300741835	1.849757981102925
vMAG_293	13125	5231	398.55238095238093	7.519856244384545	bin_29	2608979	122598	46.99079601637269	3594	0.0010697345583183652	2	5.840635450915948e-05	0.05459892274675591	0.1600282796180863	0.0003649752071855581	0.34118296389274666
vMAG_293	13125	5231	398.55238095238093	7.519856244384545	bin_158	1021862	25095	24.558110586360975	214	0.000430034557635267	2	0.0001491208718799137	0.34676485699177295	0.30620662847576335	0.0004869942646970388	1.1324537901674452
vMAG_293	13125	5231	398.55238095238093	7.519856244384545	bin_170	884537	23017	26.021523124527295	185	0.0004757630242953168	2	0.000172271993575116	0.362096221811855	0.28898601393922635	0.0005961257128912292	1.252988741136807
vMAG_293	13125	5231	398.55238095238093	7.519856244384545	bin_337	118137	3399	28.771680337235583	15	0.0023582723524272235	2	0.001289866446421971	0.5469539788711815	0.26136312360778374	0.004935150868328377	2.0926975899322793
vMAG_293	13125	5231	398.55238095238093	7.519856244384545	bin_36	2459025	119484	48.58998993503523	2524	0.0008525237389609196	2	6.196803708012418e-05	0.07268775548192077	0.15476142831967216	0.0004004100876616635	0.4696761736508297
vMAG_293	13125	5231	398.55238095238093	7.519856244384545	bin_100	1610859	85209	52.896622236955565	724	0.0005697426611797145	2	9.459608344426941e-05	0.16603300031701657	0.14216136922124475	0.0006654134239312945	1.16791925420063
vMAG_6	46245	119339	2580.5816845064332	1211.7221716243168	bin_87	1754433	5221690	2976.2835058392084	50830	0.03387239269669759	1442	0.017773120648272786	0.5247081541424615	0.4071259237391276	0.04365509443623933	1.2888104725030396
vMAG_6	46245	119339	2580.5816845064332	5.041839826453468	bin_116	1483997	49747	33.52230496422836	1413	0.001292842978103581	6	8.742858380558625e-05	0.0676250598768241	0.15040254039313863	0.0005812972545347694	0.4496271120159161
vMAG_6	46245	119339	2580.5816845064332	25.209199132267337	bin_113	1504005	173466	115.33605273918637	5251	0.004696175955512075	30	0.0004313275424009181	0.09184654631491246	0.21857171746005405	0.0019733913765844252	0.4202124015962781
vMAG_6	46245	119339	2580.5816845064332	2.520919913226734	bin_24	2678982	24210	9.037014806370479	387	0.00010885669465853493	3	2.4215122774572312e-05	0.22244955030584992	0.27895493890854944	8.680657481569387e-05	0.797439009957003
vMAG_6	46245	119339	2580.5816845064332	11.764292928391425	bin_13	3049626	129840	42.575712562786386	2489	0.0005395409996405361	14	9.926969105634264e-05	0.18398915211722577	0.276314645610279	0.00035926322630163826	0.6658682593926947
vMAG_6	46245	119339	2580.5816845064332	3.3612265509689787	bin_144	1178681	24340	20.650201369157557	251	0.0003627678420788487	4	7.338358503091652e-05	0.20228801045426284	0.16276967429427555	0.0004508431029863979	1.2427868479268507
vMAG_6	46245	119339	2580.5816845064332	5.041839826453468	bin_234	286262	8748	30.559417596467572	230	0.006025143866745363	6	0.00045323429614038387	0.07522381310128119	0.16498481394607026	0.002747127358573352	0.4559438611475486
vMAG_6	46245	119339	2580.5816845064332	8.403066377422446	bin_189	619157	16854	27.220882587130568	87	0.00045823657165094164	10	0.00034924840302146996	0.7621574196123032	0.30869926243299806	0.0011313548346986184	2.4689317804176043
vMAG_6	46245	119339	2580.5816845064332	3.3612265509689787	bin_7	3343853	62561	18.709255460691605	813	0.0001456465688615949	4	2.5867117181235454e-05	0.17760196744364415	0.17965581570207112	0.00014398151866194917	0.9885678721259269
vMAG_6	46245	119339	2580.5816845064332	13.444906203875915	bin_207	443373	16073	36.251643649929065	157	0.001611741524655219	16	0.0007803437501861928	0.4841618449665014	0.37087714790836035	0.002104049156404231	1.3054507340153847
vMAG_6	46245	119339	2580.5816845064332	2.520919913226734	bin_25	2666493	36429	13.661764722427549	675	0.00019100644695170955	3	2.4328538661406307e-05	0.12737024875164069	0.18452373938839092	0.00013184503382623788	0.6902648362417373
vMAG_254	20777	1749	84.17962169706887	7.014968474755738	bin_10	3195245	137892	43.15537619181002	3341	0.0006595085866183549	2	3.012610545302804e-05	0.04567962580669393	0.16255143840194425	0.00018533275219955055	0.2810164355097307
vMAG_282	26619	2037	76.52428716330441	63.48681601696366	bin_347	110033	6556	59.58212536239128	410	0.07538720303975177	336	0.11471615634455591	1.521692697420621	1.0655345983518247	0.10766065834183099	1.4281025691464024
vMAG_283	143664	81082	564.3863459182537	438.2676644172794	bin_216	387892	215734	556.170274200035	6602	0.09709825665668396	4177	0.0749558784684134	0.7719590551809732	0.7880098681067766	0.09512048199154881	0.9796312031416992
vMAG_50	54800	4802	87.62773722627738	82.3051635577183	bin_43	2389591	324097	135.62864942159558	23154	0.00814896220107806	634	0.004841557850566658	0.5941318331217867	0.6068420197997871	0.007978283791494881	0.9790551968003239
vMAG_242	11780	1083	91.93548387096774	6.340378197997775	bin_110	1520129	51986	34.19841342412387	1141	0.000999085017171514	2	0.0001116874205590413	0.11178970622063468	0.18539977628100182	0.000602413998546373	0.6029657018096949
vMAG_242	11780	1083	91.93548387096774	9.510567296996664	bin_2	5101738	148221	29.053040356051213	4084	0.00031616987900277843	3	4.9918073094010776e-05	0.15788370875636798	0.32735187713377434	0.00015249056620992416	0.48230579930918754
vMAG_242	11780	1083	91.93548387096774	6.340378197997775	bin_76	1959123	70969	36.22488225598903	1930	0.0010093574225771172	2	8.666086148087431e-05	0.08585745697456663	0.17502826243001868	0.0004951249602647675	0.49053481867761156
vMAG_124	26587	1922	72.29096927069621	3.362370663753312	bin_177	822024	17080	20.777982151372708	256	0.0007619289136521874	2	9.151160293678025e-05	0.12010517162045166	0.161823734338475	0.0005655017374977397	0.7421975034220651
vMAG_51	20382	2141	105.04366597978608	97.84889433733498	bin_43	2389591	324097	135.62864942159558	23154	0.00814896220107806	340	0.00698085385166645	0.8566555690665646	0.7214470891999822	0.009676182711344178	1.187412884313548
vMAG_297	13535	766	56.594015515330625	18.86467183844354	bin_107	1567877	133728	85.29240495268442	1121	0.0009525240351948252	2	9.424530978184635e-05	0.0989427104194487	0.22117645585100612	0.00042610914176748543	0.44734739074624075
vMAG_105	80187	2537	31.638544901293226	20.746586820520147	bin_2	5101738	148221	29.053040356051213	4084	0.00031616987900277843	120	0.0002933317874705112	0.9277663906368938	0.714093484408733	0.0004107750509912423	1.2992225960513857
vMAG_144	53605	9042	168.67829493517397	132.57982714749082	bin_60	2120195	440251	207.64646648067747	16429	0.007397691615154163	606	0.005332016907045167	0.720767664351206	0.6384882410692407	0.00835100251512218	1.1288659962541776
vMAG_76	29910	9820	328.31828819792713	35.357354113622925	bin_2	5101738	148221	29.053040356051213	4084	0.00031616987900277843	7	4.587366886584341e-05	0.145091838003456	1.216993253728732	3.769426718290474e-05	0.11922156310966452
vMAG_230	89391	47841	535.1881061851865	6.314903907789811	bin_2	5101738	148221	29.053040356051213	4084	0.00031616987900277843	4	8.77097845118557e-06	0.02774134740111816	0.2173577646400967	4.035272660127256e-05	0.1276298891233657
vMAG_230	89391	47841	535.1881061851865	3.1574519538949053	bin_142	1205316	22357	18.548662757318414	294	0.0004064132819725445	2	1.8562449209001857e-05	0.04567382522270976	0.17022531463348353	0.00010904634982739871	0.26831394214809495
vMAG_230	89391	47841	535.1881061851865	6.314903907789811	bin_157	1040041	32662	31.40453116752128	528	0.0009804423382795404	4	4.3024490439890895e-05	0.043882734108962866	0.20108257226016846	0.00021396429315726146	0.21823240878471395
vMAG_230	89391	47841	535.1881061851865	3.1574519538949053	bin_201	543567	5509	10.134905172683403	66	0.0004506575837024519	2	4.1160734611919566e-05	0.09133483181123181	0.3115423282306756	0.00013211923672035628	0.29316989550005756
vMAG_35	72864	11980	164.4158981115503	72.37446232661544	bin_59	2134702	433311	202.98430413238006	3793	0.0016748818668529011	92	0.0005914765914053871	0.3531452594425481	0.3565520133981151	0.0016588788428603329	0.9904452819573252
vMAG_225	38737	7519	194.10382838113432	5.176102090163583	bin_2	5101738	148221	29.053040356051213	4084	0.00031616987900277843	2	1.0120124618968032e-05	0.03200850331121865	0.17816042750532635	5.680343699593715e-05	0.17966112766687042
vMAG_130	29439	1741	59.13923706647644	39.17014403104284	bin_340	117066	5624	48.041275861479846	93	0.017934181406137846	51	0.014798453876341742	0.8251535735708058	0.8153435421653736	0.01814996147150475	1.0120317766660405
vMAG_101	55056	3707	67.33144434757338	3.2062592546463513	bin_7	3343853	62561	18.709255460691605	813	0.0001456465688615949	2	1.0863709986615751e-05	0.07458953596729988	0.1713728940941955	6.339223039930974e-05	0.4352469879297338
vMAG_271	50664	17251	340.4981841149534	2.0511938802105627	bin_138	1217096	17027	13.989857825512532	277	0.0003757971276826288	2	3.243438634438395e-05	0.08630823376536208	0.1466200661789367	0.00022121382965958205	0.5886522630540255
vMAG_271	50664	17251	340.4981841149534	2.0511938802105627	bin_290	165201	2418	14.636715274120617	11	0.0008296785718825107	2	0.00023895594991679424	0.2880102705010349	0.1401403143939889	0.0017051192652886174	2.055156446212373
vMAG_271	50664	17251	340.4981841149534	3.076790820315844	bin_61	2110704	39227	18.5847944572048	1278	0.000575323590906247	3	2.8053977641254526e-05	0.04876208465059469	0.16555420224855158	0.00016945494140424314	0.2945384894391668
vMAG_210	25844	3697	143.05061136047053	128.53823049781408	bin_39	2412747	329459	136.54933567423356	11073	0.0038439991273530117	310	0.004971531290398377	1.2933226896494607	0.9413317894454528	0.00528138042945214	1.3739286234148844
vMAG_212	43452	26453	608.7867071711314	79.71020715824962	bin_195	596695	30147	50.5232991729443	300	0.0016994390527500824	80	0.0030855161039846602	1.8156085674220486	1.577692044325862	0.0019557150681475876	1.1508003567311178
vMAG_103	50877	3737	73.45165792008177	11.87541774755813	bin_259	231207	18278	79.05469990095456	111	0.004840581029164389	27	0.0022953096927896223	0.4741806157071712	0.1502177323098628	0.015279885120718999	3.156622113886338
vMAG_5	88288	7556	85.58354476259514	82.53458666417626	bin_45	2367749	211495	89.32323485301863	16516	0.005923846450199613	1164	0.005568210432295022	0.939965355129587	0.923999078179232	0.006026207778548166	1.0172795377478265
vMAG_231	94335	101650	1077.5427995971804	580.6501495206552	bin_273	193069	229561	1189.0101466315152	1011	0.08232152113874823	1130	0.06204303617235593	0.7536672708924551	0.4883475142459014	0.12704689665137708	1.5433011306635938
vMAG_231	94335	101650	1077.5427995971804	2.055398759365151	bin_201	543567	5509	10.134905172683403	66	0.0004506575837024519	4	7.80070859743277e-05	0.17309613505989976	0.20280394580356456	0.0003846428414656448	0.8535146314537702
vMAG_25	25584	6747	263.719512195122	235.63104344061196	bin_93	1693553	503976	297.5850180065224	64416	0.04584696527685241	1812	0.041820666933640206	0.9121796106045641	0.7918108412146188	0.05281648691433463	1.152017076711532
vMAG_82	15563	7258	466.3625265051725	387.83176133295734	bin_216	387892	215734	556.170274200035	6602	0.09709825665668396	563	0.0932618990874195	0.9604899438840709	0.6973255841312148	0.13374225929715858	1.3773909429706752
vMAG_97	80581	5175	64.22109430262717	14.899293878209503	bin_363	100920	6850	67.87554498612762	58	0.021510863265219282	58	0.007132111089191756	0.331558571185918	0.21950901287429245	0.03249119931706925	1.510455387887848
vMAG_228	25831	2220	85.94324648677946	74.89340050990782	bin_22	2767563	223149	80.63014283685683	12580	0.0033208931404760363	305	0.004266395416620647	1.284713249161964	0.9288511451783428	0.004593196055974592	1.3831207032804966
vMAG_45	16838	739	43.888822900582014	21.944411450291007	bin_243	269600	10506	38.968842729970326	90	0.00266064958484749	8	0.0017622989965821972	0.6623566690700509	0.5631271013704984	0.0031294870949972755	1.1762116713226103
vMAG_191	25434	5863	230.51820397892584	7.2036938743414325	bin_164	968358	36823	38.02622583796489	83	0.00017853353856524186	4	0.00016240873348040058	0.9096819274718584	0.18944014862367325	0.0008573089424830893	4.801948974812938
vMAG_191	25434	5863	230.51820397892584	12.606464280097507	bin_47	2359997	202304	85.72214286713076	2718	0.0009857402939404468	7	0.00011661970061289233	0.11830671966011555	0.147061935906543	0.0007929971810448862	0.8044686677815718
vMAG_140	140799	19829	140.83196613612313	90.82181599919653	bin_12	3095836	453994	146.64665699345832	9969	0.0021087132000156493	859	0.0019706779050801546	0.9345405079579004	0.6193241486796931	0.0031819813732136015	1.5089683002837877
vMAG_274	11035	117	10.602628001812414	4.241051200724966	bin_25	2666493	36429	13.661764722427549	675	0.00019100644695170955	8	0.00027187996263929547	1.4234072565520914	0.3104321650161881	0.0008758111860770541	4.585244111150225
vMAG_92	67668	2498	36.91552875805403	21.71501691650237	bin_243	269600	10506	38.968842729970326	90	0.00266064958484749	20	0.0010962933182764023	0.41203972312620135	0.5572404874061526	0.0019673612076886895	0.7394289044648695
vMAG_93	96274	3536	36.72850406132497	32.67068066644771	bin_159	1006314	40306	40.0531046969435	2050	0.004147882516784159	314	0.0032410603440982347	0.7813770836043397	0.815684100237574	0.00397342591715868	0.9579408049963924
vMAG_243	52890	18501	349.80147475893364	6.360026813798793	bin_106	1573360	59375	37.73770783546042	1651	0.0013417527023618073	2	2.4034125458692487e-05	0.017912485226515028	0.16853240905698472	0.0001426083303097269	0.10628510757511572
vMAG_243	52890	18501	349.80147475893364	6.360026813798793	bin_1	6628220	144560	21.809776983865955	701	3.196098254056662e-05	2	5.705050772558607e-06	0.17850048149544356	0.29161356480186384	1.9563735920291945e-05	0.6121130943161897
vMAG_243	52890	18501	349.80147475893364	12.720053627597586	bin_30	2576927	85780	33.28771051721682	1485	0.00044870409933636294	4	2.9348391810624368e-05	0.06540700620750041	0.3821246168617879	7.680319590935828e-05	0.17116669097285012
vMAG_243	52890	18501	349.80147475893364	6.360026813798793	bin_102	1580785	27565	17.43753894425871	220	0.00017786598706371362	2	2.3921236367809925e-05	0.1344902235818761	0.36473190592602667	6.558580694243274e-05	0.36873720504493734
vMAG_243	52890	18501	349.80147475893364	6.360026813798793	bin_7	3343853	62561	18.709255460691605	813	0.0001456465688615949	2	1.1308610645171426e-05	0.07764419535291475	0.33994013429135617	3.326647695996682e-05	0.22840549708781194
vMAG_18	50535	2215	43.83100821213021	27.304562492802425	bin_243	269600	10506	38.968842729970326	90	0.00266064958484749	38	0.0027891472226405944	1.0482955886129852	0.7006767607138334	0.003980647538244418	1.496118677526861
vMAG_199	43288	943	21.784328220291997	8.025805133791788	bin_95	1639056	35036	21.37571870637733	453	0.00033977371474884944	14	0.0001973180081708724	0.5807335871073016	0.37546363909613634	0.0005255316031290842	1.5467105909518086
vMAG_70	135870	251306	1849.606241260028	1410.8904500088595	bin_57	2183973	3069634	1405.527449286232	73488	0.031107831240238557	8667	0.02920774014855916	0.9389192040741949	1.0038156499365067	0.02909671726118895	0.9353502350093698
vMAG_309	23003	582	25.30104768943181	4.600190488987602	bin_278	186443	5329	28.582462200243505	15	0.0009332826448780289	6	0.0013990095803544176	1.4990202464734086	0.16094451404359458	0.008692496222489894	9.313894638666424
vMAG_20	59389	2756	46.40590008250686	25.084270314868576	bin_99	1611417	71377	44.29455566125962	1975	0.0015290634178543132	80	0.0008359417833207169	0.5467018395442145	0.5663059475457721	0.0014761310329575008	0.9653824790530331
vMAG_201	24678	9705	393.2652565037685	373.5536809935059	bin_31	2518876	1020187	405.0167614443903	97498	0.031018748534795068	1933	0.031096757411589033	1.002514894393836	0.9223165966300277	0.03371592523132595	1.086953111390208
vMAG_32	40035	407078	10168.052953665543	79.65079617383851	bin_2	5101738	148221	29.053040356051213	4084	0.00031616987900277843	38	0.00018604825977105852	0.5884439730877197	2.741564917051744	6.786206615568062e-05	0.2146379862930721
vMAG_32	40035	407078	10168.052953665543	39.82539808691926	bin_76	1959123	70969	36.22488225598903	1930	0.0010093574225771172	19	0.0002422434621787097	0.23999770226111528	1.0993934446904918	0.00022034282935615246	0.21830010304334763
vMAG_32	40035	407078	10168.052953665543	2337.122045627104	bin_44	2384306	1332556	558.8863174441535	41389	0.014676184854165305	1115	0.011680812235568392	0.7959025013406815	4.181748546493339	0.0027932842220662673	0.19032768051252055
vMAG_32	40035	407078	10168.052953665543	23.056809418742727	bin_7	3343853	62561	18.709255460691605	813	0.0001456465688615949	11	8.21685598508091e-05	0.564164061625731	1.2323745040087453	6.667499172007052e-05	0.45778621660102725
vMAG_235	30842	8929	289.50781401984307	6.893043190948644	bin_2	5101738	148221	29.053040356051213	4084	0.00031616987900277843	4	2.5421390789505522e-05	0.08040421456239392	0.2372572063533774	0.00010714697007618897	0.3388905053641982
vMAG_65	156985	13870	88.35239035576647	51.33990250402646	bin_298	158007	13981	88.48342162056112	83	0.016064685341990476	129	0.005200621242266555	0.32373004086628304	0.5802205832882991	0.008963179508029412	0.5579430481966003
vMAG_41	27296	6407	234.72303634232122	46.944607268464246	bin_230	305946	99878	326.45630274623625	747	0.019356771601308092	9	0.0010777020784510556	0.05567571393869351	0.1438005848671135	0.007494420689922526	0.3871730701940022
vMAG_41	27296	6407	234.72303634232122	10.43213494854761	bin_97	1627493	121265	74.51030511344749	1415	0.0010901275390670152	2	4.502065994122885e-05	0.04129852547323017	0.14000929042853746	0.00032155480399501037	0.29496989340367713
vMAG_86	26643	3780	141.87591487445107	128.87964786305096	bin_32	2498424	465287	186.2322007793713	25835	0.00831964396114976	357	0.00536313770615589	0.6446354833452168	0.6920373991377263	0.007749780160491791	0.9315038235627556
vMAG_164	24492	1799	73.45255593663236	38.729529493860696	bin_50	2321584	173102	74.56202317038712	1967	0.000739357853029627	29	0.000510022511034515	0.6898182104168139	0.5194270199100824	0.0009818944557847694	1.3280368251467312
vMAG_232	14875	522	35.09243697478992	7.798319327731093	bin_40	2411799	114655	47.539202064516985	5086	0.0017604911760230484	4	0.00011149667241142818	0.06333270733188183	0.1640397606410756	0.0006796929718483714	0.386081441989274
vMAG_232	14875	522	35.09243697478992	5.84873949579832	bin_28	2617741	77169	29.479234194673957	1299	0.00038082305533200983	3	7.704378403704093e-05	0.20230861277522308	0.19840201604880964	0.0003883215784364161	1.0196903076098398
vMAG_157	11221	1625	144.81775242848232	53.09984255711018	bin_146	1165511	132259	113.47726447884233	1662	0.0025426328084941067	11	0.0008410944089500026	0.330796647530143	0.46793375572611345	0.0017974647023377044	0.7069305077528149
vMAG_157	11221	1625	144.81775242848232	9.654516828565487	bin_36	2459025	119484	48.58998993503523	2524	0.0008525237389609196	2	7.248288803819891e-05	0.08502154805277697	0.19869353423356473	0.00036479741687515157	0.42790294299578935
vMAG_85	57827	2691	46.53535545679354	22.4266773285752	bin_23	2756914	137851	50.001922439365174	3870	0.0010216263231489146	40	0.00025090314802666104	0.24559189827187805	0.44851630166361917	0.0005594069760586647	0.5475651550700346
vMAG_85	57827	2691	46.53535545679354	5.6066693321438	bin_28	2617741	77169	29.479234194673957	1299	0.00038082305533200983	10	6.606062263596496e-05	0.17346802330119399	0.19019046747003904	0.00034733929368132807	0.9120752770036733
vMAG_313	42497	11948	281.14925759465376	11.633762383227053	bin_2	5101738	148221	29.053040356051213	4084	0.00031616987900277843	6	2.76741841093464e-05	0.08752947686424994	0.4004318391690787	6.911084834505686e-05	0.21858770532802568
vMAG_313	42497	11948	281.14925759465376	3.8779207944090173	bin_169	891636	20239	22.69872459164951	195	0.000493394326317371	2	5.278179163158085e-05	0.10697689214534967	0.17084311405917676	0.0003089488969002184	0.6261703477747129
vMAG_238	21078	708	33.589524622829494	11.196508207609831	bin_222	360677	7025	19.477260817850876	27	0.000419935115351267	4	0.000526153110824114	1.252939065083895	0.5748502478001553	0.0009152872645312477	2.179592110951781
vMAG_69	15070	1097	72.79362972793629	7.662487339782767	bin_268	214419	8894	41.47953306376767	53	0.0024466442596596393	6	0.0018568410634385013	0.7589338156160114	0.18472935382380043	0.010051683855342252	4.108355277093113
vMAG_69	15070	1097	72.79362972793629	21.710380796051172	bin_9	3218125	190885	59.31559526121577	5028	0.0009768361754809152	17	0.00035053610760324417	0.3588484091825003	0.3660147167105439	0.0009577104187328601	0.980420712061939
vMAG_69	15070	1097	72.79362972793629	3.8312436698913834	bin_25	2666493	36429	13.661764722427549	675	0.00019100644695170955	3	7.4656487750281e-05	0.3908584707046864	0.2804354889527487	0.00026621626253180836	1.3937553772680429
vMAG_156	18979	1856	97.79229674903841	5.926805863578086	bin_189	619157	16854	27.220882587130568	87	0.00045823657165094164	2	0.00017019856049030907	0.3714207268030029	0.21773011380535284	0.0007816950880871895	1.7058766943696497
vMAG_156	18979	1856	97.79229674903841	5.926805863578086	bin_81	1850315	34854	18.83679265422374	515	0.00030177635005947936	2	5.695226494812953e-05	0.18872342029752956	0.3146398631854733	0.00018100778576348863	0.5998077242561004
vMAG_114	45528	13880	304.86733438762957	239.31295937681804	bin_230	305946	99878	326.45630274623625	747	0.019356771601308092	303	0.02175300583723863	1.1237930727957035	0.7330627632661845	0.029674138323869326	1.5330107176479784
vMAG_30	14928	636	42.60450160771704	10.22508038585209	bin_157	1040041	32662	31.40453116752128	528	0.0009804423382795404	12	0.0007729104149743342	0.7883282726556068	0.3255925182040902	0.0023738580334633276	2.421211264324757
vMAG_30	14928	636	42.60450160771704	10.22508038585209	bin_9	3218125	190885	59.31559526121577	5028	0.0009768361754809152	12	0.00024979095619353554	0.2557142768290278	0.17238435087471649	0.0014490349902763259	1.4833961176375743
vMAG_30	14928	636	42.60450160771704	10.22508038585209	bin_30	2576927	85780	33.28771051721682	1485	0.00044870409933636294	12	0.0003119446227620424	0.6952123308510242	0.307172834267576	0.0010155345393932514	2.2632611132709406
vMAG_314	24540	10196	415.48492257538715	161.41828026492053	bin_66	2040254	951864	466.5419109581454	8807	0.004340016897780601	169	0.0033754206909640504	0.7777436748437947	0.34598880930849907	0.009755866664330102	2.247886792634162
vMAG_314	24540	10196	415.48492257538715	158.55286700577994	bin_72	1999724	784543	392.3256409384495	6756	0.003427623255613133	166	0.003382699901420952	0.9868937304825979	0.40413587709056903	0.008370204411876234	2.4419849521586268
vMAG_138	24918	870	34.91451962436793	31.85184246433565	bin_153	1061517	36939	34.79831222674719	1789	0.0032439826316540328	104	0.003931816167073436	1.2120336677230275	0.9153272221016862	0.004295530682508905	1.3241534158025723
vMAG_13	22656	3105	137.04978813559322	3.5140971316818774	bin_142	1205316	22357	18.548662757318414	294	0.0004064132819725445	2	7.32395787977527e-05	0.18020960939632982	0.1894528558558963	0.0003865847176960002	0.9512108359738995
vMAG_13	22656	3105	137.04978813559322	3.5140971316818774	bin_82	1791818	39397	21.987166107272056	225	0.0001454590473042729	2	4.926663096262684e-05	0.3386976051037261	0.1598249230727202	0.0003082537442562107	2.11917890271481
vMAG_234	34518	10026	290.45715278984875	4.923002589658453	bin_237	277398	8177	29.47750164024254	41	0.001091809716455156	2	0.00020887239460350246	0.19130842257171055	0.16700881403523	0.0012506668933020594	1.145498958703788
vMAG_234	34518	10026	290.45715278984875	9.846005179316906	bin_63	2087975	59744	28.613369412947954	2358	0.0010895870733128525	4	5.54995002509344e-05	0.05093626898692002	0.34410505932452157	0.00016128649883811634	0.14802534169915418
vMAG_169	28370	1327	46.774762072611914	9.354952414522383	bin_89	1740065	41683	23.9548522612661	448	0.0002980409245483398	4	8.102801203097035e-05	0.2718687447160575	0.39052432102238066	0.00020748518765448848	0.6961634143663921
vMAG_197	58448	5083	86.9661921708185	75.83659019657685	bin_79	1882253	149302	79.3208989439783	3922	0.0022471862315105364	293	0.0026632992542573457	1.185170688976277	0.9560732569374648	0.0027856644194698436	1.239623303315341
vMAG_301	42605	380373	8927.895786879475	5437.137401138931	bin_101	1586122	2732624	1722.833426432519	27158	0.022036596072915932	5897	0.08726376951219236	3.9599477715818305	3.1559275073955595	0.027650752213952818	1.2547651244529985
vMAG_301	42605	380373	8927.895786879475	11.986227948924215	bin_25	2666493	36429	13.661764722427549	675	0.00019100644695170955	13	0.00011443064206202363	0.5990930876325556	0.8773557583850992	0.00013042672937218746	0.6828394091072857
vMAG_240	108860	8167	75.02296527650194	63.218652558171215	bin_342	116573	8852	75.93525087284362	143	0.044115755412070204	241	0.018991127060176572	0.4304840047005189	0.8325336629760159	0.022811242241292624	0.5170769950150599
vMAG_63	49349	1013	20.52726499017204	3.4212108316953396	bin_1	6628220	144560	21.809776983865955	701	3.196098254056662e-05	2	6.1144123560887705e-06	0.19130864792182234	0.15686592459089432	3.897858870264611e-05	1.2195679107540691
vMAG_63	49349	1013	20.52726499017204	3.4212108316953396	bin_126	1354854	21641	15.972938781595655	269	0.00029655788437317617	2	2.9912942846147782e-05	0.10086713057511083	0.2141879386426578	0.00013965745707116256	0.47092815409831895
vMAG_286	27887	525	18.825976261340408	12.550650840893605	bin_1	6628220	144560	21.809776983865955	701	3.196098254056662e-05	14	7.57407016719035e-05	2.3697863973915467	0.5754598430868	0.00013161770118593502	4.118074311979573
vMAG_109	104220	21341	204.7687583957014	178.93425797151892	bin_33	2495716	505275	202.45693019558314	25783	0.008389942953131729	2064	0.007935302021050469	0.9458112010271111	0.8838139440258223	0.008978475701463502	1.0701474076307145
vMAG_1	33759	1240	36.73094582185491	20.2020202020202	bin_159	1006314	40306	40.0531046969435	2050	0.004147882516784159	22	0.000647589192869134	0.15612524950952758	0.5043808802058194	0.00128392890825853	0.309538397739856
vMAG_133	58865	4972	84.46445256094454	2.6814111924109376	bin_142	1205316	22357	18.548662757318414	294	0.0004064132819725445	2	2.8188497362471505e-05	0.0693591932469761	0.14456088977912876	0.00019499393927043516	0.47979224085399874
vMAG_141	24462	3244	132.61385005314366	86.17808552349399	bin_12	3095836	453994	146.64665699345832	9969	0.0021087132000156493	206	0.002720177928277078	1.2899705508823536	0.5876580297861018	0.0046288449921584145	2.1951041005121334
vMAG_200	39751	10860	273.2006741968755	4.922534670213973	bin_110	1520129	51986	34.19841342412387	1141	0.000999085017171514	2	3.309798028189245e-05	0.03312829210030129	0.1439404398433751	0.00022994219218662332	0.23015277802644588
vMAG_200	39751	10860	273.2006741968755	9.845069340427946	bin_2	5101738	148221	29.053040356051213	4084	0.00031616987900277843	4	1.9723944925408902e-05	0.06238401010121389	0.33886537242830767	5.820584376641144e-05	0.18409673922764774
vMAG_200	39751	10860	273.2006741968755	4.922534670213973	bin_184	667362	9325	13.972926237933835	81	0.0003668288579216085	2	7.539116651522394e-05	0.20552136203890226	0.3522908935746206	0.00021400259810932336	0.5833853948182447
vMAG_200	39751	10860	273.2006741968755	4.922534670213973	bin_189	619157	16854	27.220882587130568	87	0.00045823657165094164	2	8.126081053421488e-05	0.17733375195577952	0.18083670338232305	0.00044936016314350814	0.9806292010359334
vMAG_200	39751	10860	273.2006741968755	14.767604010641922	bin_23	2756914	137851	50.001922439365174	3870	0.0010216263231489146	6	5.474947677141857e-05	0.05359051106148736	0.2953407247201316	0.00018537733603552243	0.1814531711204757
vMAG_200	39751	10860	273.2006741968755	4.922534670213973	bin_30	2576927	85780	33.28771051721682	1485	0.00044870409933636294	2	1.952449552041361e-05	0.04351307587626344	0.14787843903136494	0.0001320307114972486	0.2942489531353137
vMAG_200	39751	10860	273.2006741968755	4.922534670213973	bin_96	1632874	47220	28.918336626096075	298	0.00022455528112393523	2	3.081266507270793e-05	0.137216390184571	0.17022191607562412	0.00018101467650627815	0.8061029587025103
vMAG_78	20019	526	26.27503871322244	16.891096315642997	bin_109	1527462	29659	19.417176990327746	399	0.0003480890085089594	18	0.0005886534731987407	1.6911004335363535	0.8699048437400008	0.0006766872002550647	1.9440062274693963
vMAG_15	132536	17526	132.23576990402609	109.77757967507745	bin_39	2412747	329459	136.54933567423356	11073	0.0038439991273530117	1354	0.004234216116130136	1.101513287555252	0.8039407817916769	0.005266825880749183	1.3701423195628906
vMAG_154	86563	5710	65.96351790025761	28.793599083445784	bin_361	102088	6550	64.16033226236189	36	0.011454428134647908	55	0.006223800949509048	0.5433532670813127	0.4487757165237882	0.013868399559848161	1.210745695623019
vMAG_47	74110	9999	134.9210632843071	20.476585488054926	bin_13	3049626	129840	42.575712562786386	2489	0.0005395409996405361	73	0.000322997726344759	0.598652792947993	0.48094522100735515	0.0006715894289753622	1.2447421593962313
vMAG_47	74110	9999	134.9210632843071	27.20861359371682	bin_9	3218125	190885	59.31559526121577	5028	0.0009768361754809152	97	0.000406716706273938	0.4163612246175297	0.45870927323404115	0.0008866546416349082	0.9076799814445766
vMAG_47	74110	9999	134.9210632843071	33.66014052830947	bin_287	169198	21368	126.28990886417097	123	0.010183614707896534	120	0.009569939839003849	0.9397389938155425	0.2665307215045351	0.03590557885778662	3.5258186692731877
vMAG_47	74110	9999	134.9210632843071	10.939545671700577	bin_42	2389944	135958	56.88752539808464	8415	0.002957650924796363	39	0.00022019125606538326	0.07444802029182793	0.19230131026351346	0.0011450325313106383	0.3871425534740801
vMAG_29	134607	6294	46.75834094809334	22.462340259378173	bin_309	145095	6677	46.01812605534305	38	0.009907219390978779	49	0.002508857461747336	0.25323527851132754	0.4881194039141045	0.005139843738293234	0.5187978115204982
vMAG_267	41525	14965	360.38531005418423	5.222975508031656	bin_2	5101738	148221	29.053040356051213	4084	0.00031616987900277843	4	1.8881313298734e-05	0.05971888706883452	0.1797738014343069	0.00010502816955580497	0.33218904307731983
vMAG_267	41525	14965	360.38531005418423	5.222975508031656	bin_158	1021862	25095	24.558110586360975	214	0.000430034557635267	4	9.426665591445478e-05	0.21920716426331224	0.21267823066699518	0.000443236036047594	1.0306986454412435
vMAG_94	40540	30078	741.9338924518994	3.545681684357942	bin_139	1213923	25853	21.29706744167464	76	0.00010478426035981843	4	8.128026426697838e-05	0.7756915398159063	0.1664868505519996	0.0004882083119326697	4.659176008459785
vMAG_94	40540	30078	741.9338924518994	1.772840842178971	bin_24	2678982	24210	9.037014806370479	387	0.00010885669465853493	2	1.8415200669463846e-05	0.16916920660901216	0.19617549380678664	9.387105551318754e-05	0.862336081466052
vMAG_94	40540	30078	741.9338924518994	4.432102105447428	bin_63	2087975	59744	28.613369412947954	2358	0.0010895870733128525	5	5.906918320368012e-05	0.05421244859677187	0.15489619700089705	0.00038134689132063087	0.34999212147511866
vMAG_94	40540	30078	741.9338924518994	2.6592612632684567	bin_7	3343853	62561	18.709255460691605	813	0.0001456465688615949	3	2.213045450258202e-05	0.15194628116239497	0.14213613517948911	0.0001556990027527887	1.0690193663315641
vMAG_94	40540	30078	741.9338924518994	7.091363368715884	bin_36	2459025	119484	48.58998993503523	2524	0.0008525237389609196	8	8.024967801446769e-05	0.09413189844106663	0.14594288614171416	0.0005498704331264442	0.6449913451051135
vMAG_190	98205	26290	267.7053103202485	240.4326737945721	bin_93	1693553	503976	297.5850180065224	64416	0.04584696527685241	6656	0.04002035353288072	0.8729117247175032	0.8079461641086461	0.04953344085373875	1.0804082790349396
vMAG_304	15525	840	54.106280193236714	28.743961352657003	bin_361	102088	6550	64.16033226236189	36	0.011454428134647908	17	0.010726119147498145	0.9364168181433048	0.44800206512519813	0.02394211987505155	2.0902064767974116
vMAG_184	157210	7802	49.627886266776926	14.644294308229256	bin_299	157210	7802	49.627886266776926	18	0.00285785220962971	36	0.0014566062375091717	0.5096856417560875	0.29508196721311475	0.004936276693781082	1.727268008173408
vMAG_54	23580	16341	693.0025445292621	493.09796437659037	bin_41	2392164	159288	66.58740788675024	9391	0.0033060939567157153	370	0.006559443158105731	1.9840462019482057	7.405273459739352	0.0008857800044478854	0.26792342142865844
vMAG_173	17353	3240	186.7112314873509	6.91523079582781	bin_13	3049626	129840	42.575712562786386	2489	0.0005395409996405361	4	7.558556137515235e-05	0.14009234038842366	0.16242196265370595	0.0004653653984978966	0.8625209183508608
vMAG_36	82510	2157	26.14228578354139	17.972821476184706	bin_356	105210	2609	24.798023001615817	19	0.006744167367727006	33	0.0038014591866529245	0.563666199158123	0.724768320241239	0.005245068086568145	0.7777191461272849
vMAG_256	77792	48814	627.493829699712	505.5911114694052	bin_216	387892	215734	556.170274200035	6602	0.09709825665668396	3065	0.1015745060403337	1.0461002034205071	0.9090581336742958	0.11173598505717412	1.1507517117660067
vMAG_66	17541	1229	70.06442050054159	63.97186219614666	bin_41	2392164	159288	66.58740788675024	9391	0.0033060939567157153	126	0.0030027919728119255	0.9082597204209251	0.9607201155051415	0.0031255637561341926	0.9453947156538582
vMAG_10	39485	2261	57.2622514879068	24.013202236864142	bin_61	2110704	39227	18.5847944572048	1278	0.000575323590906247	13	0.00015598537336384915	0.27112632930303054	1.2920886637815303	0.00012072342845833029	0.20983570005910468
vMAG_298	55022	14133	256.86089200683364	5.523890150684595	bin_105	1576524	45069	28.58757621197013	599	0.00048804094600754245	2	2.305648168054935e-05	0.047242924736468773	0.19322694969752782	0.00011932332273857935	0.24449449111742205
vMAG_298	55022	14133	256.86089200683364	5.523890150684595	bin_61	2110704	39227	18.5847944572048	1278	0.000575323590906247	2	1.7221314179982784e-05	0.02993326616914118	0.2972263246389114	5.7940070419079745e-05	0.10070866436714827
vMAG_298	55022	14133	256.86089200683364	5.523890150684595	bin_28	2617741	77169	29.479234194673957	1299	0.00038082305533200983	2	1.3885673458507311e-05	0.03646227103136253	0.1873824168635494	7.410339609729105e-05	0.19458747326284145
vMAG_75	62812	39650	631.2488059606445	475.5222282787234	bin_334	120280	74815	622.0069837046891	3139	0.46493645172075915	2223	0.29424115811540885	0.6328631730775329	0.7644966065276327	0.3848822291728165	0.8278168505574107
vMAG_307	35492	39592	1115.5189901949734	7.3777710991731045	bin_110	1520129	51986	34.19841342412387	1141	0.000999085017171514	5	9.267425153453642e-05	0.09275912454067653	0.2157343092989442	0.000429575860398344	0.4299692749016556
vMAG_307	35492	39592	1115.5189901949734	5.902216879338483	bin_2	5101738	148221	29.053040356051213	4084	0.00031616987900277843	4	2.2090796087285283e-05	0.0698700210056732	0.20315315736341377	0.0001087396148501291	0.3439278124567126
vMAG_307	35492	39592	1115.5189901949734	2.9511084396692415	bin_24	2678982	24210	9.037014806370479	387	0.00010885669465853493	2	2.103438056858065e-05	0.1932300134094825	0.32655788475514186	6.441241063388365e-05	0.5917174946009016
vMAG_307	35492	39592	1115.5189901949734	8.853325319007725	bin_29	2608979	122598	46.99079601637269	3594	0.0010697345583183652	6	6.479629800513227e-05	0.060572314413206194	0.18840551915577297	0.00034391931985579965	0.32149968156254083
vMAG_307	35492	39592	1115.5189901949734	4.4266626595038625	bin_1	6628220	144560	21.809776983865955	701	3.196098254056662e-05	3	1.275245697737341e-05	0.3990007804418183	0.20296689245279947	6.283023217857577e-05	1.965841697727165
vMAG_307	35492	39592	1115.5189901949734	2.9511084396692415	bin_61	2110704	39227	18.5847944572048	1278	0.000575323590906247	2	2.66975980167647e-05	0.04640449034031574	0.15879155653105326	0.00016812983385261875	0.29223525075302653
vMAG_307	35492	39592	1115.5189901949734	8.853325319007725	bin_30	2576927	85780	33.28771051721682	1485	0.00044870409933636294	6	6.56022389354188e-05	0.14620378782463778	0.2659637800691842	0.00024665854470241747	0.549713151868297
vMAG_307	35492	39592	1115.5189901949734	4.4266626595038625	bin_7	3343853	62561	18.709255460691605	813	0.0001456465688615949	3	2.5278052111311706e-05	0.17355748445631386	0.23660282306820493	0.00010683749155446409	0.7335393644321939
vMAG_307	35492	39592	1115.5189901949734	5.902216879338483	bin_28	2617741	77169	29.479234194673957	1299	0.00038082305533200983	4	4.3052942918628946e-05	0.11305235414671638	0.20021608568125024	0.0002150323874934328	0.5646517049918706
vMAG_307	35492	39592	1115.5189901949734	8.853325319007725	bin_25	2666493	36429	13.661764722427549	675	0.00019100644695170955	6	6.339869663004252e-05	0.33191914535780587	0.6480367287012233	9.783194967529753e-05	0.5121918722462363
vMAG_211	39415	1749	44.37396930102753	4.033997209184321	bin_105	1576524	45069	28.58757621197013	599	0.00048804094600754245	2	3.218606457001614e-05	0.06594951680451566	0.14111015146136152	0.00022809177253862748	0.4673619588777341
vMAG_57	14916	24601	1649.3027621346205	17.905578841027243	bin_1	6628220	144560	21.809776983865955	701	3.196098254056662e-05	9	9.103181879343063e-05	2.848217155961588	0.8209886260768787	0.00011088073074584381	3.4692528806055303
vMAG_176	25483	4524	177.530118117961	3.1701806806778747	bin_1	6628220	144560	21.809776983865955	701	3.196098254056662e-05	2	1.1840840378315925e-05	0.37047798400086374	0.14535594210903918	8.146099984982716e-05	2.5487639419855888
vMAG_176	25483	4524	177.530118117961	69.74397497491324	bin_140	1211134	214011	176.702990750817	7165	0.009880259527932249	44	0.001425640177116608	0.14429177422781397	0.39469606416149905	0.003611994916000161	0.36557692698139915
vMAG_181	36570	863	23.598578069455836	17.934919332786436	bin_102	1580785	27565	17.43753894425871	220	0.00017786598706371362	19	0.0003286667984464844	1.8478338881550873	1.0285235428071395	0.0003195520420946877	1.7965888103171774
vMAG_127	31853	5852	183.71895896775814	16.33057413046739	bin_30	2576927	85780	33.28771051721682	1485	0.00044870409933636294	4	4.873124801004373e-05	0.1086044189971022	0.49058868503500747	9.933218905480129e-05	0.22137571107933807
vMAG_62	36083	2168	60.083695923287976	46.42831048617707	bin_135	1233218	67275	54.55239868376881	4380	0.005893670281766326	51	0.0011461136441855422	0.19446517863942217	0.8510773422689307	0.0013466621507395075	0.22849295708071313
vMAG_219	37457	16401	437.8620818538591	6.584392208328707	bin_99	1611417	71377	44.29455566125962	1975	0.0015290634178543132	4	6.627031872498339e-05	0.043340464464174056	0.14865014695445902	0.0004458140141986284	0.2915601857928334
vMAG_219	37457	16401	437.8620818538591	13.168784416657415	bin_58	2157948	153383	71.07817241193949	5558	0.002413406957364536	8	9.897283733329678e-05	0.04100959311121572	0.1852718488643268	0.0005342033230627167	0.22134821540668465
vMAG_219	37457	16401	437.8620818538591	3.2921961041643537	bin_147	1131754	24204	21.386272988653012	1264	0.00203556662368734	2	4.717859101397325e-05	0.02317712938744854	0.15393968392300544	0.00030647452178458493	0.15055980886020803
vMAG_219	37457	16401	437.8620818538591	3.2921961041643537	bin_201	543567	5509	10.134905172683403	66	0.0004506575837024519	2	9.822994974755325e-05	0.21797025790740912	0.3248373860505183	0.00030239730389985546	0.6710134586340707
vMAG_219	37457	16401	437.8620818538591	4.93829415624653	bin_28	2617741	77169	29.479234194673957	1299	0.00038082305533200983	3	3.059578416720463e-05	0.08034120765227977	0.16751772192029116	0.0001826420740234446	0.47959825821000585
vMAG_219	37457	16401	437.8620818538591	13.168784416657415	bin_92	1698859	105404	62.04399541103764	1330	0.0009607007126705663	8	0.00012571863608322592	0.13086139567207344	0.21224913594643657	0.0005923163621968873	0.6165461879905968
vMAG_219	37457	16401	437.8620818538591	4.93829415624653	bin_25	2666493	36429	13.661764722427549	675	0.00019100644695170955	3	3.0036395610880066e-05	0.15725330788690028	0.3614682478127942	8.309552994661936e-05	0.4350404463972237
vMAG_219	37457	16401	437.8620818538591	3.2921961041643537	bin_252	242541	2996	12.352550702767779	60	0.0021776200056193304	2	0.00022014652819287575	0.10109501548699473	0.26651953781713167	0.0008260052152121244	0.3793155890745974
vMAG_148	28086	3633	129.3527024140141	5.389695933917253	bin_240	274143	2640	9.630010614898064	24	0.0006473350903846478	2	0.0002597544181102324	0.4012673219304176	0.5596770501560143	0.00046411482843154614	0.7169622585356344
vMAG_148	28086	3633	129.3527024140141	5.389695933917253	bin_226	336421	5733	17.041147847488713	66	0.001190910475313976	2	0.00021166887751951707	0.17773701878280307	0.3162754048115082	0.0006692549414193815	0.5619691448619902
vMAG_119	34148	25097	734.9478739604076	156.05057597789477	bin_64	2074674	87437	42.14493457767341	2389	0.0011198140320242264	124	0.001750276041595881	1.5630059916573853	3.702712497756817	0.0004727010381325139	0.4221245890963147
vMAG_31	13743	349	25.394746416357417	9.234453242311789	bin_139	1213923	25853	21.29706744167464	76	0.00010478426035981843	4	0.00023976583812728688	2.2881856235273843	0.43360210355729906	0.0005529628112046339	5.2771552645961926
vMAG_214	99625	25273	253.68130489335007	188.52002853839153	bin_360	103900	26000	250.24061597690087	197	0.06625060343832473	379	0.03661468717507786	0.5526694894056913	0.7533550371207262	0.04860216680174703	0.7336109300044744
vMAG_189	31480	5868	186.40406607369758	11.929860228716645	bin_3	3995901	185768	46.48964025885526	6590	0.000828171044897163	8	6.359757313785065e-05	0.07679279966344126	0.25661330486299616	0.0002478342780075448	0.2992549420009236
vMAG_189	31480	5868	186.40406607369758	2.9824650571791613	bin_7	3343853	62561	18.709255460691605	813	0.0001456465688615949	2	1.899975911763395e-05	0.1304511274528482	0.15941121032022681	0.00011918709530820978	0.8183309516990472
vMAG_189	31480	5868	186.40406607369758	7.456162642947903	bin_96	1632874	47220	28.918336626096075	298	0.00022455528112393523	5	9.727082666019796e-05	0.4331709598337739	0.25783511477003207	0.0003772598109724334	1.6800308996706177
vMAG_79	13794	513	37.1900826446281	20.025429116338206	bin_13	3049626	129840	42.575712562786386	2489	0.0005395409996405361	14	0.0003328060651660552	0.616831835556119	0.47034865445426693	0.0007075731205231176	1.311435314451601
vMAG_206	27229	9371	344.15512872305266	322.7812838865683	bin_108	1558349	519848	333.5889457368022	40703	0.03446629241732419	1782	0.04199632433930225	1.2184752520173348	0.9676018585497104	0.04340248416042567	1.259273368742435
vMAG_209	20747	3462	166.86749891550585	160.15925775307346	bin_73	1997846	438161	219.31670409030525	33201	0.016806712014250817	573	0.013824114000961714	0.8225353054922291	0.7302647484941536	0.01893027703920777	1.1263521992378005
vMAG_266	118472	13986	118.05321088527246	103.34844127224004	bin_35	2466905	364143	147.61127809948093	26765	0.008845205798465147	1743	0.005963884743153357	0.6742505351529788	0.7001391939888871	0.008518141527223253	0.96302355437579
vMAG_27	29440	5753	195.41440217391303	13.633562942366025	bin_81	1850315	34854	18.83679265422374	515	0.00030177635005947936	3	5.5072878895238635e-05	0.18249567563655636	0.7237730537586502	7.609136401146439e-05	0.25214488808174323
vMAG_49	162851	6218	38.18214195798613	16.121348826705255	bin_1	6628220	144560	21.809776983865955	701	3.196098254056662e-05	38	3.520434367521151e-05	1.1014787680737987	0.7391799026019943	4.762621866650914e-05	1.4901362499121968
vMAG_102	33330	2170	65.10651065106511	6.5106510651065115	bin_28	2617741	77169	29.479234194673957	1299	0.00038082305533200983	4	4.584563606564592e-05	0.1203856631675745	0.22085550194797113	0.00020758204192914415	0.5450879063720804
vMAG_42	25993	1030	39.62605316816066	29.136803800118134	bin_110	1520129	51986	34.19841342412387	1141	0.000999085017171514	50	0.0012654155101234049	1.2665744039540228	0.8519928523808291	0.001485241932003652	1.486602147441351
vMAG_248	44142	1171	26.528023197861447	2.947558133095716	bin_24	2678982	24210	9.037014806370479	387	0.00010885669465853493	2	1.691251495491968e-05	0.15536495029516909	0.3261650219957467	5.1852632300775104e-05	0.47633847843192423
vMAG_310	13797	434	31.45611364789447	12.582445459157789	bin_28	2617741	77169	29.479234194673957	1299	0.00038082305533200983	8	0.00022150250780140297	0.5816415385047847	0.42682402724800333	0.0005189551048228603	1.3627197659302008
vMAG_21	17423	4765	273.4890661768926	258.7941312778357	bin_108	1558349	519848	333.5889457368022	40703	0.03446629241732419	951	0.035026186330276585	1.016244680633852	0.7757874911179498	0.045149202238105236	1.3099523932377295
vMAG_104	35321	785	22.22473882392911	15.460687877515902	bin_1	6628220	144560	21.809776983865955	701	3.196098254056662e-05	16	6.834237657158624e-05	2.138306495579176	0.7088879399799976	9.64078702954301e-05	3.016423859093317
vMAG_43	43332	19054	439.72122219145206	400.3385739415829	bin_38	2431712	917413	377.270416891474	78990	0.026780101612541025	2582	0.024503908692233973	0.9150043209977545	1.061144887108243	0.02309195378494476	0.8622802900094629
vMAG_117	16300	1203	73.8036809815951	65.3689745836985	bin_50	2321584	173102	74.56202317038712	1967	0.000739357853029627	62	0.0016383990334164484	2.215975696616826	0.8767060200917441	0.0018688123451519084	2.5276154672519895
vMAG_261	28549	4621	161.86206171844898	58.42825642519622	bin_13	3049626	129840	42.575712562786386	2489	0.0005395409996405361	74	0.0008499516817067444	1.5753236218804807	1.3723377228045706	0.0006193458560402648	1.147912496831377
vMAG_26	128342	360729	2810.6855121472317	1.5686379686054424	bin_143	1198374	12217	10.194647080126906	124	0.00017323619632247152	5	3.2509390226770056e-05	0.18765933977363058	0.15386878587129232	0.00021127995546779324	1.2196062944865456
vMAG_26	128342	360729	2810.6855121472317	2.1960931560476196	bin_138	1217096	17027	13.989857825512532	277	0.0003757971276826288	7	4.481303956718408e-05	0.11924795658637909	0.15697751781599423	0.0002854742525596117	0.7596499055753898
vMAG_26	128342	360729	2810.6855121472317	4.078458718374151	bin_2	5101738	148221	29.053040356051213	4084	0.00031616987900277843	13	1.9854383115989078e-05	0.06279656739791649	0.14037975607343564	0.00014143337808339565	0.4473334984644529
vMAG_26	128342	360729	2810.6855121472317	1559.2261407938097	bin_87	1754433	5221690	2976.2835058392084	50830	0.03387239269669759	4970	0.02207246304395417	0.6516357802531658	0.5238836077728295	0.042132379628731204	1.243856021805006
vMAG_26	128342	360729	2810.6855121472317	6.274551874421769	bin_30	2576927	85780	33.28771051721682	1485	0.00044870409933636294	20	6.0472660659173256e-05	0.13477180339696654	0.18849454579270306	0.0003208191537047342	0.714990467390934
vMAG_26	128342	360729	2810.6855121472317	3.1372759372108847	bin_25	2666493	36429	13.661764722427549	675	0.00019100644695170955	10	2.922070900138522e-05	0.15298284150991423	0.22963914259631785	0.00012724620319956622	0.6661880016632985
vMAG_287	40388	31429	778.1766861443994	4.956539402193627	bin_90	1716772	45498	26.502063174376097	949	0.0006477704111044459	2	2.88446335941779e-05	0.04452910027952329	0.18702466180013974	0.0001542290375854397	0.2380921310105533
vMAG_287	40388	31429	778.1766861443994	7.43480910329044	bin_2	5101738	148221	29.053040356051213	4084	0.00031616987900277843	3	1.4559643979584208e-05	0.04605006658289628	0.25590468371555153	5.689479289002715e-05	0.1799500732627575
vMAG_287	40388	31429	778.1766861443994	9.913078804387254	bin_243	269600	10506	38.968842729970326	90	0.00266064958484749	4	0.0003673565230322254	0.13807023860802115	0.254384736880145	0.001444098130798263	0.5427614891575583
vMAG_287	40388	31429	778.1766861443994	9.913078804387254	bin_17	2924666	169958	58.11193483290058	8106	0.0019076729914980302	4	3.3863462908068123e-05	0.01775118852077279	0.17058593614017611	0.00019851263049165669	0.10406009382969328
vMAG_287	40388	31429	778.1766861443994	4.956539402193627	bin_141	1210585	33842	27.95507956896872	181	0.0002570336958611978	2	4.090556161256251e-05	0.15914474355398192	0.1773037129071737	0.00023070899611661472	0.89758268986336
vMAG_287	40388	31429	778.1766861443994	4.956539402193627	bin_25	2666493	36429	13.661764722427549	675	0.00019100644695170955	2	1.8571081680973467e-05	0.09722751235547891	0.36280374482345085	5.118767914044164e-05	0.26798927448445214
vMAG_23	22059	1199	54.354231832812005	39.359960982381104	bin_347	110033	6556	59.58212536239128	410	0.07538720303975177	105	0.043259403272696714	0.5738295297928214	0.6606001505146949	0.06548500365764663	0.8686488026769783
vMAG_23	22059	1199	54.354231832812005	10.121132824040856	bin_314	137751	8681	63.01950621048123	114	0.014329499434153898	27	0.008885526842479077	0.6200863389059293	0.1606031756300486	0.05532597227683093	3.8609842954432354
vMAG_149	35813	40124	1120.3752827185658	920.9166129653341	bin_65	2062885	2166468	1050.2126875710474	55343	0.026673529951573894	1676	0.022686019111801202	0.850506819044496	0.8768858192860423	0.025871120974760534	0.969917405822546
vMAG_270	142400	8050	56.53089887640449	35.15946149630035	bin_94	1677516	94778	56.49901401834617	1974	0.0014443977815711757	306	0.001280987128882456	0.8868658933337837	0.6223022137144462	0.0020584646826762834	1.425136973304641
vMAG_80	122442	2346	19.16009212525114	14.435685847791955	bin_332	122442	2346	19.16009212525114	55	0.010651403996429594	110	0.007337225308735439	0.6888505319293978	0.7534246575342466	0.009738499046139765	0.9142925241972008
vMAG_251	16355	1428	87.31274839498624	83.45738028403879	bin_53	2285243	190200	83.22966091571006	21652	0.008327767466578425	368	0.009846114523604432	1.1823234213874898	1.0027360362378426	0.009819248703323749	1.1790973682599857
vMAG_159	36121	1917	53.071620387032475	5.307162038703248	bin_98	1623175	45481	28.019776056186178	685	0.0005238150889991665	4	6.82236390690595e-05	0.13024374536329567	0.18940772503181866	0.00036019459637983927	0.6876369236862752
vMAG_312	24481	1670	68.21616764021077	6.601564610342978	bin_164	968358	36823	38.02622583796489	83	0.00017853353856524186	3	0.0001265482535642082	0.7088206203786379	0.1736055699682944	0.0007289412061336495	4.082937088413061
vMAG_312	24481	1670	68.21616764021077	4.401043073561985	bin_28	2617741	77169	29.479234194673957	1299	0.00038082305533200983	2	3.120859135795062e-05	0.081950372806978	0.14929299195828927	0.00020904257426008276	0.5489231057133211
vMAG_280	19318	8818	456.4654726162129	431.44184557298007	bin_38	2431712	917413	377.270416891474	78990	0.026780101612541025	1500	0.03193132641787157	1.1923526982779722	1.1435877987143876	0.027922059376436607	1.0426420250534376
vMAG_152	13231	446	33.70871438288867	16.854357191444336	bin_234	286262	8748	30.559417596467572	230	0.006025143866745363	17	0.004488410304401341	0.7449465778193727	0.5515274346521764	0.00813814512641965	1.3506972292125
vMAG_152	13231	446	33.70871438288867	10.905760535640454	bin_319	134956	4006	29.683748777379293	64	0.007925153843578638	11	0.006160384480930562	0.7773204915033944	0.36739835717620895	0.01676758853327143	2.115742970321943
vMAG_273	36110	9437	261.34034893381335	7.466867112394667	bin_278	186443	5329	28.582462200243505	15	0.0009332826448780289	4	0.0005941367557812733	0.6366096691521798	0.26123946425899774	0.0022742993960217085	2.4368816976329155
vMAG_273	36110	9437	261.34034893381335	7.466867112394667	bin_166	938334	19610	20.89874181261683	227	0.0005185505639526338	4	0.00011805246229820932	0.22765853612877882	0.3572878778705628	0.00033041272769118973	0.6371851670020954
vMAG_3	22319	3850	172.49876786594382	4.259228836196144	bin_181	715766	6899	9.638624913728789	28	0.00010996715727918599	2	0.00012519419690338747	1.1384689756555486	0.4418917505680198	0.0002833141753437565	2.576352634309487
vMAG_3	22319	3850	172.49876786594382	8.518457672392287	bin_9	3218125	190885	59.31559526121577	5028	0.0009768361754809152	4	5.569065809485339e-05	0.05701125684400028	0.14361244517362512	0.00038778434576142954	0.39697991894138834
vMAG_250	32019	7700	240.48221368562417	163.64764748731272	bin_59	2134702	433311	202.98430413238006	3793	0.0016748818668529011	164	0.0023993788533203074	1.4325660220017393	0.8062083824007733	0.002976127395469767	1.7769177960365068
vMAG_139	18591	442	23.774944865795277	16.06415193634816	bin_5	3921459	180912	46.13384967176757	5605	0.0007319249778599813	25	0.00034291744489845015	0.46851447248197475	0.3482074886583528	0.000984807782910456	1.345503723332218
vMAG_139	18591	442	23.774944865795277	3.8553964647235586	bin_1	6628220	144560	21.809776983865955	701	3.196098254056662e-05	6	4.8691324085948804e-05	1.5234614275123464	0.17677376836891245	0.0002754442841560857	8.618141942491187
vMAG_216	21532	22374	1039.104588519413	1001.4207237293015	bin_70	2007605	1887312	940.0813407019807	245099	0.12205098555982688	5368	0.1241794887128208	1.0174394589542302	1.0652490166239414	0.11657320192266289	0.9551188905846328
vMAG_288	43463	2749	63.249200469364744	2.3425629803468424	bin_126	1354854	21641	15.972938781595655	269	0.00029655788437317617	2	3.39639191154441e-05	0.11452711563286345	0.14665823317660187	0.00023158549220039811	0.78091160074834
vMAG_288	43463	2749	63.249200469364744	2.3425629803468424	bin_25	2666493	36429	13.661764722427549	675	0.00019100644695170955	2	1.7257180749859796e-05	0.0903486820747091	0.17146854948403725	0.00010064341712686116	0.5269111002955096
vMAG_264	24681	2596	105.18212390097646	8.765176991748039	bin_145	1176500	56022	47.61750956226094	1375	0.0019942238942921076	2	6.887717276700593e-05	0.03453833492023991	0.1840746622896642	0.000374180628176947	0.18763220581597254
vMAG_24	90637	6047	66.71668303231571	47.783570279901795	bin_314	137751	8681	63.01950621048123	114	0.014329499434153898	106	0.008489958798419774	0.5924811845265322	0.7582346031133225	0.011197007843693598	0.7813956024874039
vMAG_182	49524	757	15.285518132622567	9.406472696998502	bin_102	1580785	27565	17.43753894425871	220	0.00017786598706371362	8	0.00010218836858843929	0.5745245073294101	0.5394380896907229	0.0001894348407006764	1.0650425290857812
vMAG_202	29948	3672	122.61252838252972	87.87231200747964	bin_247	254042	25361	99.82994937844923	512	0.023539579271649715	172	0.022607633251595944	0.9604094019991183	0.8802199395530201	0.02568407307732225	1.091101619996042
vMAG_137	44181	3677	83.22582105429936	67.91992292937074	bin_47	2359997	202304	85.72214286713076	2718	0.0009857402939404468	142	0.0013618878706268018	1.3815889225576081	0.7923264708238402	0.00171884686524577	1.743711681273337
vMAG_34	118709	34814	293.2717822574531	205.3443567651355	bin_59	2134702	433311	202.98430413238006	3793	0.0016748818668529011	759	0.002995165829367087	1.7882848269143878	1.01162677401508	0.0029607419517768113	1.7677318086558773
vMAG_290	14361	203	14.135505883991366	7.710275936722563	bin_126	1354854	21641	15.972938781595655	269	0.00029655788437317617	6	0.0003083713842729365	1.039835393096124	0.48270866383126065	0.0006388354039999853	2.1541676605572935
vMAG_145	23914	1141	47.712636949067495	3.8170109559253995	bin_155	1057277	22234	21.02949368992232	570	0.0010281984534212638	2	7.91022771852892e-05	0.07693288870653471	0.18150750618188086	0.00043580719524637297	0.4238551359382547
vMAG_53	32904	1890	57.439824945295406	49.685448577680525	bin_40	2411799	114655	47.539202064516985	5086	0.0017604911760230484	173	0.002179999007466866	1.2382902210231386	1.0451468771026236	0.0020858302839791296	1.184800192348037
vMAG_194	62871	49325	784.5429530308091	8.765843050623566	bin_2	5101738	148221	29.053040356051213	4084	0.00031616987900277843	4	1.2470718371426084e-05	0.039443094360410255	0.30171861337733635	4.133228053726308e-05	0.1307280777904206
vMAG_194	62871	49325	784.5429530308091	4.382921525311783	bin_253	242384	3901	16.094296653244438	18	0.0006260310177868885	2	0.00013124285803271373	0.20964274022184473	0.27232762137687033	0.00048193002740287076	0.7698181299491583
vMAG_194	62871	49325	784.5429530308091	4.382921525311783	bin_185	651446	16222	24.90152675739816	27	0.0001280575818919153	2	4.883162825683369e-05	0.38132555320347333	0.17601015263088765	0.00027743642924529983	2.1664974861032835
vMAG_194	62871	49325	784.5429530308091	4.382921525311783	bin_128	1296084	25797	19.903802531317414	572	0.0006838922024778526	2	2.454406419753757e-05	0.03588879081909464	0.22020523557825317	0.00011145994841169649	0.1629788262066141
vMAG_194	62871	49325	784.5429530308091	8.765843050623566	bin_5	3921459	180912	46.13384967176757	5605	0.0007319249778599813	4	1.622414968581912e-05	0.022166410734137883	0.1900089221469844	8.538625187962844e-05	0.11665984146255357
vMAG_194	62871	49325	784.5429530308091	8.765843050623566	bin_158	1021862	25095	24.558110586360975	214	0.000430034557635267	4	6.226118380251205e-05	0.1447818150822166	0.3569428934607013	0.00017442897713655387	0.4056161860472978
vMAG_194	62871	49325	784.5429530308091	4.382921525311783	bin_61	2110704	39227	18.5847944572048	1278	0.000575323590906247	2	1.5071354818771974e-05	0.026196309445666303	0.2358337368435435	6.390669554106499e-05	0.11107956730993677
vMAG_194	62871	49325	784.5429530308091	6.5743822879676745	bin_175	826762	18956	22.928001045040773	302	0.0008904395667973512	3	5.7715223186481624e-05	0.06481655278871568	0.286740317005947	0.00020128046097293186	0.22604617817790643
vMAG_194	62871	49325	784.5429530308091	8.765843050623566	bin_92	1698859	105404	62.04399541103764	1330	0.0009607007126705663	4	3.7450040175672355e-05	0.038982005198651644	0.14128430950570472	0.0002650686428428927	0.2759117791284364
vMAG_95	162168	24238	149.4622860243698	45.389848250350916	bin_293	162168	24238	149.4622860243698	74	0.012950704448388188	140	0.005323505589587175	0.41105915209498317	0.3036876355748373	0.017529543405712056	1.353559065112766
vMAG_84	41495	5846	140.8844439089047	82.46894277594421	bin_178	819525	95753	116.83963271407218	675	0.0021515306537413007	168	0.00494027706772016	2.2961685714909534	0.7058302124054148	0.006999242850322428	3.25314577236045
vMAG_192	70683	8534	120.73624492452217	114.58857302101978	bin_56	2197421	290873	132.37017394481987	22132	0.009274787694893916	1137	0.007320356305403711	0.7892748110486469	0.8656676168514172	0.008456312980759419	0.9117527278187623
vMAG_253	64499	32736	507.5427526008155	501.7415965608092	bin_15	2975678	1560449	524.4011616848328	301907	0.06902334351816883	12887	0.06714488170790354	0.9727851229088776	0.9567896359130454	0.07017726696404744	1.0167178723466919
vMAG_198	14245	858	60.23166023166023	9.266409266409266	bin_1	6628220	144560	21.809776983865955	701	3.196098254056662e-05	4	4.236435736898908e-05	1.325502346970026	0.42487409537769244	9.971037968631442e-05	3.1197532666511916
vMAG_198	14245	858	60.23166023166023	34.74903474903474	bin_47	2359997	202304	85.72214286713076	2718	0.0009857402939404468	15	0.0004461874540522946	0.45264199586351783	0.40536824660223103	0.0011006966080649074	1.116619270644734
vMAG_165	65721	7037	107.0738424552274	72.77675229378738	bin_352	106491	12270	115.22100459193734	186	0.04150230333945686	174	0.024861777763786026	0.5990457339303759	0.6316274758368143	0.03936145705322238	0.9484162055121613
vMAG_244	14931	1373	91.95633246266158	7.996202822840137	bin_99	1611417	71377	44.29455566125962	1975	0.0015290634178543132	2	8.312528727083593e-05	0.05436353149268527	0.1805233781774603	0.0004604682679332595	0.3011439960936481
vMAG_9	12586	272	21.611314158588907	16.980318267462714	bin_1	6628220	144560	21.809776983865955	701	3.196098254056662e-05	11	0.000131858473262628	4.125607624711351	0.7785645071026681	0.0001693610125554311	5.298992680856068
vMAG_260	84655	3927	46.3882818498612	30.392322591288373	bin_340	117066	5624	48.041275861479846	93	0.017934181406137846	114	0.011503273827190453	0.6414161631739456	0.6326293805959753	0.018183274726117953	1.0138893052511924
vMAG_208	34913	8760	250.90940337410134	5.514492381848382	bin_61	2110704	39227	18.5847944572048	1278	0.000575323590906247	4	5.4280706259044644e-05	0.09434813228072558	0.29672065486366295	0.0001829353817110761	0.31796954722978965
vMAG_208	34913	8760	250.90940337410134	2.757246190924191	bin_201	543567	5509	10.134905172683403	66	0.0004506575837024519	2	0.0001053876558214448	0.2338530619092551	0.27205446365258484	0.0003873770509276608	0.8595817865642037
vMAG_162	14409	1084	75.23075855368172	10.747251221954532	bin_58	2157948	153383	71.07817241193949	5558	0.002413406957364536	2	6.432135415353767e-05	0.026651681746943007	0.15120325772682983	0.00042539661592307315	0.17626393867183113
vMAG_118	127301	61657	484.34026441269117	136.94444066554263	bin_324	128959	61966	480.50930916027573	220	0.0428428293182478	408	0.02485287818099056	0.5800942322547572	0.28499851731252157	0.08720353500554381	2.035428947929023
vMAG_116	26386	9744	369.2867429697567	351.5415529939717	bin_31	2518876	1020187	405.0167614443903	97498	0.031018748534795068	1882	0.02831648045569972	0.9128827497323402	0.8679679125878329	0.03262387934511838	1.0517471170225572
vMAG_73	196902	185928	944.2666910442758	788.7001203358585	bin_34	2480254	2790836	1125.2218522780329	97910	0.03231310946536113	11975	0.024520495159183885	0.7588404695459364	0.7009285491026682	0.03498287406123653	1.0826217173168469
vMAG_59	20736	2764	133.29475308641975	121.4463305898491	bin_27	2621661	404885	154.43835034354174	24500	0.007221956055694172	410	0.007541927252688229	1.0443053370204012	0.7863741766193225	0.009590761595340657	1.3280005474110843
vMAG_60	43299	16774	387.3992470957759	383.35594119001433	bin_15	2975678	1560449	524.4011616848328	301907	0.06902334351816883	7585	0.05886969484795386	0.8528954386635552	0.7310356444641379	0.08052917158520552	1.1666947366003508
vMAG_221	15478	1675	108.21811603566353	15.459730862237645	bin_193	604706	11705	19.35651374386892	57	0.0003145448189486318	2	0.0002136834444144852	0.6793418029542613	0.7986836403913096	0.0002675445365448984	0.8505768349298132
vMAG_221	15478	1675	108.21811603566353	15.459730862237645	bin_88	1749133	171483	98.03885696513645	3191	0.0021173956125259325	2	7.387411988574093e-05	0.034889143742776206	0.15768983177491833	0.00046847738407880735	0.2212517024723313
vMAG_113	82181	71809	873.7907788904978	4.092696856629966	bin_2	5101738	148221	29.053040356051213	4084	0.00031616987900277843	6	1.4310726349093998e-05	0.04526277580340991	0.14086983002374595	0.00010158829854967304	0.3213092242375824
vMAG_113	82181	71809	873.7907788904978	287.1708961068693	bin_75	1974497	1476870	747.9727748383513	18855	0.00972173184958746	421	0.002594503112606055	0.26687663810807044	0.3839322843922113	0.006757710195466669	0.6951138233414071
vMAG_113	82181	71809	873.7907788904978	4.092696856629966	bin_63	2087975	59744	28.613369412947954	2358	0.0010895870733128525	6	3.4966690895616146e-05	0.03209169028529414	0.14303442553598608	0.0002444634623069735	0.22436340178274203
vMAG_113	82181	71809	873.7907788904978	12.960206712661561	bin_19	2872511	244417	85.08827294308011	13166	0.0032328964742924992	19	8.048602494662384e-05	0.024895948752654613	0.1523148403932385	0.0005284187984495091	0.16345057834403762
vMAG_113	82181	71809	873.7907788904978	5.456929142173288	bin_28	2617741	77169	29.479234194673957	1299	0.00038082305533200983	8	3.7187063921538515e-05	0.09764919271790944	0.1851109532268378	0.00020089067271977643	0.5275170972635456
vMAG_113	82181	71809	873.7907788904978	11.595974427118238	bin_96	1632874	47220	28.918336626096075	298	0.00022455528112393523	17	0.00012668489211733013	0.5641590412982136	0.4009903673593025	0.00031593001336068427	1.406914198496708
vMAG_285	22043	3094	140.3620196887901	132.30498532598946	bin_83	1788708	216580	121.08180876923456	14097	0.008868069498504487	312	0.007913059731341512	0.8923091697325976	1.092690856461723	0.007241810146526751	0.8166163050197127
vMAG_275	87959	44815	509.49874373287554	386.6675582818994	bin_216	387892	215734	556.170274200035	6602	0.09709825665668396	2468	0.07233592667130646	0.7449765748840257	0.6952323348062083	0.10404568811010445	1.0715505271941692
vMAG_7	15897	582	36.61068126061521	28.844779175030162	bin_43	2389591	324097	135.62864942159558	23154	0.00814896220107806	52	0.0013688775326907055	0.16798182380936938	0.2126746767592403	0.006436485779829594	0.7898534342174375
vMAG_7	15897	582	36.61068126061521	3.8829510427925222	bin_1	6628220	144560	21.809776983865955	701	3.196098254056662e-05	7	6.643331910185485e-05	2.0785756200559247	0.17803717322121093	0.0003731429672797127	11.674952946333839
vMAG_239	29061	2605	89.63903513299611	14.536059751296667	bin_81	1850315	34854	18.83679265422374	515	0.00030177635005947936	6	0.00011158222736146901	0.36975139814460756	0.7716844379044154	0.0001445956687483312	0.47914844460088324
vMAG_215	33508	4922	146.89029485496002	142.20523854626524	bin_56	2197421	290873	132.37017394481987	22132	0.009274787694893916	516	0.007007900456047852	0.7555860777175458	1.0742997029341763	0.0065232266535190835	0.7033289459671772
vMAG_68	41994	1788	42.57751107301043	3.87068282481913	bin_51	2310791	21300	9.217622883246472	264	9.953603652292663e-05	4	4.1220388440228654e-05	0.4141252744249482	0.4199220204435034	9.816200730957969e-05	0.9861956607742719
vMAG_205	87953	4020	45.706229463463444	44.67448613471709	bin_241	271150	12865	47.44606306472432	1281	0.03996763481710772	866	0.036312623417450215	0.9085507206923085	0.9415846805618764	0.03856543566084912	0.9649166341046931
vMAG_262	28625	2409	84.15720524017468	54.35152838427948	bin_355	105876	8281	78.21413729268201	127	0.025843360552988498	62	0.02045731671605294	0.7915888753750826	0.6949067044093677	0.029438939912718967	1.1391297138914342
vMAG_167	21996	624	28.368794326241133	21.421334491243304	bin_7	3343853	62561	18.709255460691605	813	0.0001456465688615949	37	0.0005030496324298809	3.453906510546906	1.1449592174445324	0.00043936030625846387	3.016619682101673
vMAG_108	24616	747	30.34611634709132	24.02400877478063	bin_265	218529	13827	63.27306673256181	108	0.004814439898232744	38	0.007064103195524711	1.4672741471168351	0.3796877568195586	0.018605032868841832	3.8644231233775
vMAG_77	24735	9557	386.3755811602992	7.539035729957058	bin_177	822024	17080	20.777982151372708	256	0.0007619289136521874	4	0.00019672682330949478	0.25819577100246194	0.3628377228853759	0.0005421895544517095	0.7116012330504803
vMAG_77	24735	9557	386.3755811602992	3.769517864978529	bin_95	1639056	35036	21.37571870637733	453	0.00033977371474884944	2	4.933149636259046e-05	0.1451892663299597	0.17634578358546202	0.0002797429876665186	0.8233214504932974
vMAG_77	24735	9557	386.3755811602992	7.539035729957058	bin_316	136787	1807	13.21031969412298	35	0.004908071869279492	4	0.0011822334739716796	0.24087533871936398	0.5706929055858528	0.002071575557362223	0.42207522883448156
vMAG_55	45264	6655	147.0263343937787	87.49218109338956	bin_140	1211134	214011	176.702990750817	7165	0.009880259527932249	266	0.004852175608400932	0.4910979913719332	0.4951369567749381	0.009799663592080572	0.9918427308894239
vMAG_55	45264	6655	147.0263343937787	23.682094130541536	bin_199	564844	61315	108.55209579990228	480	0.003065245373876474	72	0.0028161192835435083	0.9187255635532018	0.21816339846810084	0.012908303149463783	4.2111810230511
vMAG_22	12458	1022	82.03563974955851	13.672606624926418	bin_145	1176500	56022	47.61750956226094	1375	0.0019942238942921076	2	0.00013645508918465834	0.06842516007115439	0.28713401332023014	0.00047523136533627914	0.2383039169756677
vMAG_268	87574	31085	354.9569506931281	5.725112107953678	bin_95	1639056	35036	21.37571870637733	453	0.00033977371474884944	4	2.786705100894501e-05	0.082016500392161	0.26783249660960506	0.00010404656403425257	0.30622311119964263
vMAG_268	87574	31085	354.9569506931281	4.293834080965259	bin_25	2666493	36429	13.661764722427549	675	0.00019100644695170955	3	1.2847115244213289e-05	0.06726011320163089	0.3142957127578384	4.0875884470342294e-05	0.21400264296145238
vMAG_207	106238	14237	134.01042941320432	39.74885618188264	bin_353	106238	14237	134.01042941320432	35	0.021537257042510756	70	0.006202092905749107	0.28797041765844494	0.2966101694915254	0.020909913225096992	0.9708716938199002
vMAG_207	106238	14237	134.01042941320432	2.2713632103932935	bin_25	2666493	36429	13.661764722427549	675	0.00019100644695170955	4	1.4120161278095529e-05	0.07392505071656248	0.1662569409253958	8.492975510978302e-05	0.4446433953679849
vMAG_96	13409	1749	130.43478260869566	5.671077504725898	bin_24	2678982	24210	9.037014806370479	387	0.00010885669465853493	2	5.5675459403390585e-05	0.5114564572995267	0.627538808581809	8.87203446894591e-05	0.8150196454867551
vMAG_96	13409	1749	130.43478260869566	5.671077504725898	bin_1	6628220	144560	21.809776983865955	701	3.196098254056662e-05	2	2.2502806723888784e-05	0.7040711810197636	0.2600245527004309	8.654108425604646e-05	2.7077103823765056
vMAG_217	50381	9460	187.76919870586133	3.7553839741172266	bin_155	1057277	22234	21.02949368992232	570	0.0010281984534212638	2	3.754692952916786e-05	0.036517200939403166	0.17857700377812086	0.00021025624092013177	0.20448994084801211
vMAG_33	51818	2889	55.752827202902466	31.615932499206885	bin_162	997479	39036	39.13465847401299	1624	0.0033338114642215123	186	0.0035985582442329355	1.0794126431121518	0.8078755183260679	0.004454347436705609	1.3361125800033076
vMAG_44	25876	19582	756.7630236512598	5.213063308734281	bin_2	5101738	148221	29.053040356051213	4084	0.00031616987900277843	6	4.54502164977158e-05	0.14375251887076945	0.17943262546181318	0.00025329962363722147	0.8011503955915912
vMAG_44	25876	19582	756.7630236512598	1.7376877695780937	bin_240	274143	2640	9.630010614898064	24	0.0006473350903846478	2	0.00028193934870319944	0.435538491410485	0.1804450523543361	0.0015624664961694885	2.41369040451842
vMAG_44	25876	19582	756.7630236512598	474.3887610948196	bin_334	120280	74815	622.0069837046891	3139	0.46493645172075915	546	0.17542927994621504	0.37731883421259016	0.7626743324799158	0.230018597027893	0.4947312609639009
vMAG_236	16316	956	58.592792351066436	43.94459426329983	bin_156	1042903	47422	45.471151200063666	1816	0.003358926753663922	60	0.0035260919806335265	1.049767452293284	0.9664280121247139	0.003648582135860625	1.086234503887513
vMAG_81	37583	1557	41.428305350823514	38.8983325049717	bin_165	954262	49898	52.28962276607473	6545	0.014883624871286437	369	0.010288860814086746	0.6912872974873256	0.7439015706613351	0.013830943796690545	0.9292725338283196
vMAG_112	130604	6862	52.540504119322534	43.682323888136885	bin_17	2924666	169958	58.11193483290058	8106	0.0019076729914980302	646	0.0016912186663415013	0.8865348903500726	0.7516928151462229	0.0022498800470941278	1.1793845471006925
vMAG_128	55076	3329	60.44375045391822	56.70239038455602	bin_18	2881647	154530	53.62558286979633	15696	0.00381159576674586	682	0.004297156833817597	1.1273904938472223	1.0573757402736343	0.0040639828115458295	1.0662155853466708
vMAG_269	28843	6443	223.38175640536699	5.956846837476453	bin_142	1205316	22357	18.548662757318414	294	0.0004064132819725445	2	5.7529240968064524e-05	0.14155354541771828	0.3211469697526398	0.0001791368014849271	0.44077496831668217
vMAG_269	28843	6443	223.38175640536699	11.913693674952906	bin_239	276133	4173	15.112282849206723	12	0.0003207970761286692	4	0.0005022283798507506	1.5655640815420362	0.7883450696251547	0.0006370666846303131	1.9858868176678477
vMAG_269	28843	6443	223.38175640536699	8.935270256214679	bin_28	2617741	77169	29.479234194673957	1299	0.00038082305533200983	3	3.9733255471032276e-05	0.10433521530463001	0.3031038797415241	0.00013108791449622929	0.3442226321669101
vMAG_150	61442	38626	628.6579212916246	3.730907544757416	bin_138	1217096	17027	13.989857825512532	277	0.0003757971276826288	2	2.6744828452066476e-05	0.07116826202741292	0.26668659476678636	0.00010028561231378897	0.2668610399770883
vMAG_150	61442	38626	628.6579212916246	9.32726886189354	bin_142	1205316	22357	18.548662757318414	294	0.0004064132819725445	5	6.751553893272864e-05	0.1661253259367879	0.5028539784202744	0.00013426470074837636	0.33036494303708974
vMAG_150	61442	38626	628.6579212916246	3.730907544757416	bin_1	6628220	144560	21.809776983865955	701	3.196098254056662e-05	2	4.9109751531627346e-06	0.15365532479889996	0.17106582738179302	2.8708101602327517e-05	0.898223374888104
vMAG_150	61442	38626	628.6579212916246	3.730907544757416	bin_81	1850315	34854	18.83679265422374	515	0.00030177635005947936	2	1.7592152541430134e-05	0.05829533208272539	0.19806490485103054	8.882013981559036e-05	0.29432438889954143
vMAG_150	61442	38626	628.6579212916246	31.712714130438034	bin_3	3995901	185768	46.48964025885526	6590	0.000828171044897163	17	6.924188104320365e-05	0.08360818875501941	0.6821458276265636	0.00010150598045013578	0.12256644454738229
vMAG_150	61442	38626	628.6579212916246	3.730907544757416	bin_7	3343853	62561	18.709255460691605	813	0.0001456465688615949	2	9.73458573977274e-06	0.06683704131075911	0.1994150730688403	4.881569677740586e-05	0.3351654430238893
vMAG_150	61442	38626	628.6579212916246	5.596361317136124	bin_25	2666493	36429	13.661764722427549	675	0.00019100644695170955	3	1.8311143361165564e-05	0.09586662467887802	0.4096367805214048	4.470092587354653e-05	0.2340283618010436
vMAG_257	38897	154532	3972.851376712857	28.525695263604067	bin_2	5101738	148221	29.053040356051213	4084	0.00031616987900277843	11	5.543172919524142e-05	0.1753226125463846	0.9818488844546244	5.6456477236852395e-05	0.17856374369032246
vMAG_98	26057	1256	48.202018651418044	28.921211190850826	bin_61	2110704	39227	18.5847944572048	1278	0.000575323590906247	12	0.00021818731599439984	0.379242776488119	1.5561760049296045	0.00014020735141991204	0.24370172479640212
vMAG_142	44952	21471	477.6428190069407	8.00518691073085	bin_2	5101738	148221	29.053040356051213	4084	0.00031616987900277843	3	1.3081395734282055e-05	0.041374579310153384	0.2755369769437407	4.747600804574779e-05	0.1501598071122094
vMAG_142	44952	21471	477.6428190069407	5.336791273820567	bin_118	1412535	45127	31.947526963933637	514	0.0005318421825707543	2	3.149791153759006e-05	0.05922416944315938	0.16704865074049094	0.0001885553184534359	0.3545324621338233
vMAG_142	44952	21471	477.6428190069407	5.336791273820567	bin_163	968501	35976	37.14606386570587	443	0.0009519879738226836	2	4.59389329218553e-05	0.04825579123377859	0.14367043822232858	0.000319752159805939	0.33587836043976727
vMAG_142	44952	21471	477.6428190069407	21.347165095282268	bin_94	1677516	94778	56.49901401834617	1974	0.0014443977815711757	8	0.00010608996271570531	0.07344927004824364	0.37783252444636445	0.0002807856810928552	0.19439636689792225
vMAG_142	44952	21471	477.6428190069407	5.336791273820567	bin_63	2087975	59744	28.613369412947954	2358	0.0010895870733128525	2	2.130863754295419e-05	0.019556617424035697	0.18651390532866058	0.0001142469110032613	0.10485340162479852
vMAG_142	44952	21471	477.6428190069407	10.673582547641134	bin_29	2608979	122598	46.99079601637269	3594	0.0010697345583183652	4	3.410675400127772e-05	0.03188338054151857	0.22714198210054173	0.00015015609921982968	0.14036762489554114
vMAG_142	44952	21471	477.6428190069407	10.673582547641134	bin_231	302696	17098	56.48571504083305	154	0.003482252505337832	4	0.000293970864985	0.08441974398306314	0.18896074060362503	0.0015557245597467796	0.44675811342286637
vMAG_142	44952	21471	477.6428190069407	5.336791273820567	bin_280	180695	4649	25.72843742217549	20	0.0015224376448661602	2	0.00024622652798223405	0.1617317653780692	0.2074277262256415	0.0011870473270983403	0.7797017704476793
vMAG_136	34867	1369	39.26348696475177	9.34844927732185	bin_183	672257	12300	18.296574078068357	432	0.0019903008606581584	5	0.0002133143585353537	0.10717694131168405	0.5109398752702891	0.00041749405137445897	0.20976429223690374
vMAG_315	81740	5538	67.7514068999266	55.76000744861215	bin_77	1901093	166097	87.36921339461037	5383	0.0030047542899070225	372	0.002393894151800901	0.7967021329637494	0.6382111648043276	0.003750943706124065	1.2483362512280938
vMAG_300	39197	4609	117.58552950480905	2.833386253127929	bin_81	1850315	34854	18.83679265422374	515	0.00030177635005947936	2	2.75760144003508e-05	0.0913789778255176	0.15041765894750686	0.00018332963425507338	0.6075016621380024
vMAG_245	36854	4085	110.8427850436859	95.19660960384589	bin_20	2856295	422928	148.06873939841648	19781	0.004873154031867959	505	0.004797375213866192	0.9844497388126433	0.6429217266967828	0.007461834022182218	1.531212429031712
vMAG_170	14796	689	46.566639632333064	44.40074941687571	bin_120	1399048	52110	37.246756365757285	2208	0.0022849529420857803	82	0.0039612925280288576	1.7336429363892543	1.1920702297098662	0.003323036201476974	1.4543127520357584
vMAG_46	12719	14864	1168.6453337526534	19.05400000683674	bin_77	1901093	166097	87.36921339461037	5383	0.0030047542899070225	3	0.0001240694693284657	0.04129105323028088	0.2180859740693527	0.0005689016446743651	0.18933383224888212
vMAG_46	12719	14864	1168.6453337526534	19.05400000683674	bin_88	1749133	171483	98.03885696513645	3191	0.0021173956125259325	3	0.00013484829321387274	0.06368592265712991	0.1943515111932866	0.0006938371221603897	0.32768421642882384
vMAG_46	12719	14864	1168.6453337526534	12.702666671224494	bin_79	1882253	149302	79.3208989439783	3922	0.0022471862315105364	2	8.354087704258704e-05	0.03717576935598777	0.1601427472499519	0.0005216650674300964	0.2321414487661035
vMAG_46	12719	14864	1168.6453337526534	12.702666671224494	bin_17	2924666	169958	58.11193483290058	8106	0.0019076729914980302	2	5.3765136407384836e-05	0.02818362300404794	0.21858963580804347	0.00024596379516638746	0.12893394007389103
vMAG_46	12719	14864	1168.6453337526534	12.702666671224494	bin_128	1296084	25797	19.903802531317414	572	0.0006838922024778526	2	0.00012132320623975034	0.17740106671808312	0.6382030092610508	0.00019010127573705038	0.27796964938082724
vMAG_46	12719	14864	1168.6453337526534	12.702666671224494	bin_10	3195245	137892	43.15537619181002	3341	0.0006595085866183549	2	4.921220952885947e-05	0.07461951296372983	0.2943472584914042	0.000167190989924904	0.2535084353976035
vMAG_46	12719	14864	1168.6453337526534	12.702666671224494	bin_189	619157	16854	27.220882587130568	87	0.00045823657165094164	2	0.00025396638725887064	0.5542254873806268	0.4666515360244063	0.0005442313324895774	1.1876645518030404
vMAG_46	12719	14864	1168.6453337526534	19.05400000683674	bin_218	384287	26937	70.09604800578734	239	0.0035828510504031497	3	0.0006137798042974674	0.17131044401871065	0.2718270223346056	0.0022579793540243947	0.630218594705555
vMAG_46	12719	14864	1168.6453337526534	12.702666671224494	bin_22	2767563	223149	80.63014283685683	12580	0.0033208931404760363	2	5.681715879134118e-05	0.017108999413090624	0.15754240565995847	0.00036064676398287366	0.10859932817084757
vMAG_46	12719	14864	1168.6453337526534	38.10800001367348	bin_178	819525	95753	116.83963271407218	675	0.0021515306537413007	6	0.0005756202669938338	0.26753988654211674	0.32615645161202006	0.0017648593616616968	0.8202808352243458
vMAG_46	12719	14864	1168.6453337526534	25.405333342448987	bin_92	1698859	105404	62.04399541103764	1330	0.0009607007126705663	4	0.0001851184429502867	0.19269106445824574	0.4094728776594773	0.0004520896329163796	0.4705832180135017
vMAG_132	39227	7058	179.9270910342366	4.112619223639694	bin_2	5101738	148221	29.053040356051213	4084	0.00031616987900277843	4	1.998742026486678e-05	0.06321734482711788	0.141555554022528	0.00014119841784297537	0.4465903529087746
vMAG_132	39227	7058	179.9270910342366	90.47762292007327	bin_37	2435803	351799	144.42834662737505	4605	0.0015673397375204415	88	0.0009209910623803733	0.5876141849356777	0.6264533592806779	0.001470167010418616	0.9380014908219232
vMAG_289	117643	7121	60.53058830529653	36.72642436501138	bin_338	117643	7121	60.53058830529653	81	0.02244832585575211	162	0.011705307652295766	0.5214334346138523	0.6067415730337079	0.019292081130635613	0.859399549641349
vMAG_58	27938	7878	281.981530531892	227.00635150246478	bin_103	1579078	410234	259.79337309493263	49180	0.03963309806922043	1821	0.04127727795619324	1.04148502052757	0.8737957739188099	0.04723904508152105	1.1919089695944687
vMAG_224	32131	1778	55.33596837944664	26.561264822134387	bin_265	218529	13827	63.27306673256181	108	0.004814439898232744	12	0.001709023070958228	0.35497858672730886	0.419787852774731	0.0040711589429323815	0.8456142415292792
vMAG_158	169649	5189	30.586681913833857	3.8595182225657862	bin_139	1213923	25853	21.29706744167464	76	0.00010478426035981843	40	0.00019423055328256008	1.8536233649556932	0.1812229891808195	0.001071776567424136	10.228411822002322
vMAG_158	169649	5189	30.586681913833857	18.04324769049505	bin_10	3195245	137892	43.15537619181002	3341	0.0006595085866183549	187	0.0003449738206253629	0.523077072270164	0.4180996502104245	0.0008250995198195975	1.251082300611602
vMAG_143	183803	60587	329.6300930887962	170.73148411265853	bin_230	305946	99878	326.45630274623625	747	0.019356771601308092	707	0.012572511417667472	0.6495148920813761	0.522984187091566	0.024039945619744388	1.2419398293731903
vMAG_233	27177	2284	84.04165286823417	3.5017355361764233	bin_1	6628220	144560	21.809776983865955	701	3.196098254056662e-05	2	1.1102775705950794e-05	0.3473853061888365	0.16055806250411797	6.915115648998337e-05	2.1636117225812113
vMAG_183	167098	8172	48.905432740068704	22.65093726908445	bin_288	167098	8172	48.905432740068704	22	0.002432549121126443	44	0.0015758329342069647	0.6478113516890636	0.4631578947368421	0.00340236656249231	1.398683600237751
vMAG_155	93455	2486	26.60103793269488	14.440563449177219	bin_105	1576524	45069	28.58757621197013	599	0.00048804094600754245	57	0.00038687594508881077	0.7927120628989842	0.5051342353092073	0.0007658873979349128	1.5693097150972992
vMAG_125	46264	8664	187.2730416738717	139.22631378086672	bin_119	1402453	300434	214.2203695952734	4764	0.00498395449947241	255	0.00393014601067988	0.7885597693750849	0.6499209857769689	0.006047113567169186	1.2133163671155747
vMAG_115	91180	402	4.408861592454485	3.4291145719090443	bin_258	233595	1048	4.486397397204564	38	0.0017931447149923767	35	0.0016432548162237572	0.9164094802190816	0.7643358954437912	0.0021499118725408616	1.1989617204710674
vMAG_56	114125	1192938	10452.906900328588	6785.528282247846	bin_101	1586122	2732624	1722.833426432519	27158	0.022036596072915932	20484	0.11316115920597719	5.135146954254784	3.9385863880634577	0.028731414791086197	1.3038045756258394
vMAG_291	20652	9666	468.04183614177805	463.3959915078685	bin_15	2975678	1560449	524.4011616848328	301907	0.06902334351816883	4289	0.06979237794480839	1.0111416571183216	0.8836669812458793	0.07898040712849577	1.1442564660418975
vMAG_255	16268	249	15.306122448979592	13.605442176870747	bin_181	715766	6899	9.638624913728789	28	0.00010996715727918599	8	0.0006870443276829862	6.247722908201669	1.4115542723829637	0.0004867289491626338	4.4261301392644015
