name	reference	contig_count	length	completion	contamination
k141_382722	contig_78936||full: 73928bp	1	67251	90.9831187100963	0.0
k141_667619	contig_78877||full: 37656bp	1	33650	89.35362226471213	0.0
k141_1168077	contig_78978||full: 49209bp	1	43619	88.6341929321872	0.0
k141_1168043	contig_78732||full: 162707bp	1	139737	85.75537622843517	0.0
k141_654465	contig_78406||full: 50515bp	1	42814	84.73720677026625	0.0
k141_1168051	contig_78983||full: 61298bp	1	51574	84.12509380403928	0.0
k141_1168085	contig_78859||full: 39334bp	1	32214	81.86301927085982	0.0
k141_1148157	contig_70117||0_partial: 21224bp	1	17300	80.85657745947984	0.0
k141_1021329	contig_75329||full: 144943bp	1	115856	79.9093436730301	0.0
k141_288522	contig_22609||full: 18333bp	1	14636	79.81781486936126	0.0
k141_282680	contig_74850||full: 61352bp	1	47863	78.00886686660581	0.0
k141_82108	contig_39212||full: 31750bp	1	25229	77.77952755905511	0.0
k141_147670	contig_69582||full: 43907bp	1	33542	76.38417564397477	0.0
k141_84123	contig_63397||full: 60793bp	1	46359	76.14856973664732	0.0
k141_215432	contig_73952||full: 52012bp	1	39460	75.9170960547566	0.0
k141_335306	contig_47843||full: 39022bp	1	29731	75.70088667930911	0.0
k141_514588	contig_69669||full: 32693bp	1	25635	74.03725568164438	0.0
k141_102092	contig_78668||full: 98404bp	1	70869	72.01333279134994	0.0
k141_1168029	contig_61938||full: 159417bp	1	116095	71.99044016635617	0.0
k141_699344	contig_26315||full: 41484bp	1	29968	70.84900202487707	0.0
k141_58738	contig_78104||full: 73072bp	1	50942	69.71069629954017	0.0
k141_889386	contig_64137||full: 46823bp	1	32549	69.66448113106806	0.0
k141_1142690	contig_68020||full: 34462bp	1	23814	69.22987638558412	0.0
k141_844962	contig_8952||0_partial: 60344bp	1	47790	69.10214768659685	0.0
k141_1100079	contig_73607||full: 30625bp	1	21112	69.08734693877551	0.0
k141_346107	contig_72325||full: 41532bp	1	29515	68.9420206106135	0.0
k141_186892	contig_877||0_partial: 117629bp	1	92966	67.34648768585978	0.0
k141_481608	contig_78621||full: 34327bp	1	25203	67.03760887930784	0.0
k141_292024	contig_57485||full: 116430bp	1	78111	66.91230782444387	0.0
k141_1168083	contig_74742||full: 54878bp	1	36481	66.47108130762783	0.0
k141_1114522	contig_78959||full: 32867bp	1	21693	66.29445948824049	0.0
k141_95558	contig_78965||full: 31459bp	1	20775	66.02244190851584	0.0
k141_879241	contig_3049||0_partial: 21119bp	1	14594	65.38661868459681	0.0
k141_848051	contig_65326||full: 25551bp	1	16600	64.80372588157019	0.0
k141_376364	contig_8733||full: 37015bp	1	26463	64.7413210860462	0.0
k141_605682	contig_3554||0_partial: 82739bp	1	52738	64.00488282430292	0.0
k141_61612	contig_74091||full: 160867bp	1	102675	63.82539613469512	0.0
k141_846797	contig_69387||full: 15523bp	1	10032	63.35759840237068	0.0
k141_53601	contig_62690||full: 34764bp	1	22707	62.80635139799793	0.0
k141_466193	contig_41036||full: 117941bp	1	75209	61.13056528264132	0.0
k141_744940	contig_31215||full: 16465bp	1	10062	60.95353780747039	0.0
k141_1168099	contig_78143||full: 37835bp	1	23118	60.66076384300251	0.0
k141_396772	contig_60721||full: 185336bp	1	113291	60.65794017352268	0.0
k141_1168089	contig_43377||full: 38301bp	1	23026	59.9070520351949	0.0
k141_625388	contig_9848||full: 30250bp	1	17977	59.83801652892562	0.0
k141_429697	contig_26158||full: 14406bp	1	8586	59.58628349298903	0.0
k141_734594	contig_39572||full: 43305bp	1	25760	59.47812030943309	0.0
k141_46671	contig_78916||full: 106336bp	1	63248	59.35337044839001	0.0
k141_248272	contig_77201||full: 84891bp	1	50137	59.12876512233335	0.0
k141_652593	contig_78524||full: 43206bp	1	25601	57.83687450817016	0.0
k141_122115	contig_13268||full: 35831bp	1	20016	56.60182523513159	0.0
k141_237403	contig_78980||full: 58876bp	1	33289	56.52727766831986	0.0
k141_84423	contig_17484||full: 19905bp	1	11379	56.0060286360211	0.0
k141_17311	contig_78249||full: 51208bp	1	28629	55.89946883299484	0.0
k141_762056	contig_57905||full: 93589bp	1	52206	55.79501864535362	0.0
k141_250633	contig_78330||full: 55339bp	1	30592	55.19073347910154	0.0
k141_996530	contig_78615||full: 37211bp	1	20571	55.14229663271613	0.0
k141_141995	contig_23097||full: 36640bp	1	20115	55.08733624454148	0.0
k141_558245	contig_77100||full: 33450bp	1	21986	54.747384155455904	0.0
k141_855222	contig_78339||full: 56728bp	1	30748	54.17783105344803	0.0
k141_616112	contig_68550||full: 31983bp	1	17544	53.9286495950974	0.0
k141_813400	contig_78946||full: 44218bp	1	23740	53.71115835180243	0.0
k141_851168	contig_41062||full: 33196bp	1	17651	53.60284371611038	0.0
k141_762493	contig_78078||full: 136920bp	1	74262	53.374233128834355	0.0
k141_152197	contig_73305||full: 35708bp	1	19196	53.29057914192898	0.0
k141_1168033	contig_73170||full: 40685bp	1	22015	53.27762074474622	0.0
k141_69837	contig_17190||full: 201664bp	1	106934	53.02384163757537	0.0
k141_659259	contig_74724||full: 104106bp	1	54856	52.78850402474401	0.0
k141_115885	contig_1508||1_partial: 48600bp	1	25850	52.609053497942384	0.0
k141_174140	contig_74452||full: 132041bp	1	68906	51.699850803916966	0.0
k141_1082411	contig_33012||full: 38783bp	1	20323	51.463269989428355	0.0
k141_199099	contig_72130||full: 51324bp	1	26500	51.38531681084873	0.0
k141_941375	contig_71847||full: 17407bp	1	8930	51.278221405181824	0.0
k141_1168094	contig_78490||full: 43873bp	1	22436	51.13623413033073	0.0
k141_730422	contig_55966||full: 23349bp	1	12247	51.09426527902694	0.0
k141_57273	contig_78519||full: 57028bp	1	29030	50.89955811180473	0.0
k141_995999	contig_73163||full: 12504bp	1	6610	50.847728726807425	0.0
k141_1008902	contig_67608||full: 34572bp	1	17612	50.83015156774268	0.0
k141_436169	contig_78548||full: 41790bp	1	21048	50.35415171093563	0.0
k141_686849	contig_71078||full: 13952bp	1	7004	50.18635321100918	0.0
k141_1168199	contig_79029||full: 17950bp	1	9225	49.97214484679666	0.0
k141_436168	contig_78548||full: 41790bp	1	20946	49.80378080880593	0.0
k141_472409	contig_45623||full: 36905bp	1	19562	49.57051889987807	0.0
k141_243246	contig_76367||full: 63713bp	1	31541	49.49225432800213	0.0
k141_385310	contig_74154||full: 14428bp	1	7123	49.3346271139451	0.0
k141_736175	contig_10172||full: 10378bp	1	5064	48.76662169974947	0.0
k141_243247	contig_76367||full: 63713bp	1	30961	48.357478065700874	0.0
k141_114263	contig_48635||full: 39844bp	1	19435	48.356088746109826	0.0
k141_348542	contig_1050||0_partial: 27985bp	1	14294	47.81490083973557	0.0
k141_995998	contig_73163||full: 12504bp	1	6109	47.760716570697376	0.0
k141_645241	contig_34782||full: 87230bp	1	41584	47.668233405938324	0.0
k141_1168198	contig_79029||full: 17950bp	1	9754	47.598885793871865	0.0
k141_1082410	contig_33012||full: 38783bp	1	18574	47.546605471469455	0.0
k141_1021207	contig_77602||full: 57775bp	1	26894	46.85763738641281	0.0
k141_11101	contig_15471||full: 44871bp	1	20650	46.482137683581826	0.0
k141_114264	contig_48635||full: 39844bp	1	18798	46.197670916574644	0.0
k141_813399	contig_78946||full: 44218bp	1	20402	46.089827671988786	0.0
k141_1168032	contig_73170||full: 40685bp	1	18700	46.06120191716849	0.0
k141_915922	contig_78694||full: 40034bp	1	18412	45.74611580156866	0.0
k141_413520	contig_861||1_partial: 81428bp	1	37163	45.34803753008793	0.0
k141_876171	contig_78878||full: 40158bp	1	18185	45.273669007420686	0.0
k141_994545	contig_74062||full: 40255bp	1	18195	45.21177493479071	0.0
k141_448922	contig_44772||full: 37548bp	1	16955	45.14488121870672	0.0
k141_88235	contig_77794||full: 52016bp	1	23423	45.02460781298062	0.0
k141_1168093	contig_78490||full: 43873bp	1	20061	44.9570350785221	0.0
k141_1168047	contig_8123||0_partial: 41667bp	1	18544	44.493244054047565	0.0
k141_915923	contig_78694||full: 40034bp	1	17709	44.35979417495129	0.0
k141_273255	contig_78240||full: 46116bp	1	19980	43.73102610807529	0.0
k141_284353	contig_3586||0_partial: 22199bp	1	9831	43.70016667417451	0.0
k141_168764	contig_8571||0_partial: 52092bp	1	22739	43.649696690470705	0.0
k141_327558	contig_15425||full: 90502bp	1	39578	43.629975028176176	0.0
k141_781798	contig_29066||full: 36430bp	1	15892	43.62064232775185	0.0
k141_159412	contig_52675||full: 166934bp	1	72103	43.18413265122743	0.0
k141_122116	contig_13268||full: 35831bp	1	15753	43.032569562669195	0.0
k141_288351	contig_78432||full: 32356bp	1	13912	42.971937198664854	0.0
k141_448923	contig_44772||full: 37548bp	1	16150	42.88643869180782	0.0
k141_555376	contig_43890||full: 46727bp	1	19946	42.722622894686154	0.0
k141_1138764	contig_28769||full: 35853bp	1	15288	42.47064401863163	0.0
k141_867969	contig_77854||full: 33263bp	1	13916	41.82124282235517	0.0
k141_382622	contig_66387||full: 33468bp	1	13962	41.76228038723557	0.0
k141_865156	contig_2013||2_partial: 36577bp	1	15457	41.52336167536977	0.0
k141_555666	contig_47184||full: 36551bp	1	15401	41.38600859073623	0.0
k141_993125	contig_665||0_partial: 143263bp	1	59621	41.35820134996475	0.0
k141_40525	contig_78589||full: 41550bp	1	17149	41.26353790613718	0.0
k141_169079	contig_39919||full: 26114bp	1	10991	41.24607490235123	0.0
k141_994547	contig_74062||full: 40255bp	1	16499	40.96882374860266	0.0
k141_710763	contig_78887||full: 37179bp	1	15227	40.94246752198822	0.0
k141_58190	contig_74942||full: 42674bp	1	19465	40.90546937245161	0.0
k141_734595	contig_39572||full: 43305bp	1	17692	40.826694377092714	0.0
k141_730421	contig_55966||full: 23349bp	1	9604	40.738361385926595	0.0
k141_487879	contig_2125||0_partial: 336006bp	1	136445	40.607310583739576	0.0
k141_1168037	contig_10358||full: 122301bp	1	49515	40.46246555629145	0.0
k141_1168072	contig_46064||full: 40584bp	1	16598	40.44451015178395	0.0
k141_288350	contig_78432||full: 32356bp	1	13159	40.39127209791074	0.0
k141_273254	contig_78240||full: 46116bp	1	18556	40.222482435597186	0.0
k141_84927	contig_65409||1_partial: 85526bp	1	34288	40.087224937445924	0.0
k141_152327	contig_75708||0_partial: 24398bp	1	9525	39.90491023854414	0.0
k141_426799	contig_78705||full: 37358bp	1	15007	39.86027089244606	0.0
k141_786292	contig_60655||full: 30160bp	1	12529	39.277188328912466	0.0
k141_762058	contig_57905||full: 93589bp	1	37185	39.202256675464	0.0
k141_58188	contig_74942||full: 42674bp	1	16645	39.10812204152411	0.0
k141_147669	contig_69580||full: 80366bp	1	36080	39.088669337779656	0.0
k141_645243	contig_34782||full: 87230bp	1	35936	39.0324429668692	0.0
k141_742654	contig_665||2_partial: 21860bp	1	8484	38.79231473010064	0.0
k141_801735	contig_49657||full: 39435bp	1	13787	38.656016229237984	0.0
k141_167868	contig_60275||full: 103382bp	1	41119	38.56570776344044	0.0
k141_625387	contig_9848||full: 30250bp	1	11650	38.3801652892562	0.0
k141_549773	contig_68624||full: 43301bp	1	16606	38.34784416064294	0.0
k141_356039	contig_65919||full: 25915bp	1	10180	38.109203164190625	0.0
k141_32975	contig_58479||full: 45694bp	1	17455	38.02030901212413	0.0
k141_419734	contig_69641||full: 43067bp	1	16391	37.99196600645506	0.0
k141_876170	contig_78878||full: 40158bp	1	15145	37.519298769859056	0.0
k141_962877	contig_78675||full: 30806bp	1	11465	37.20054534830877	0.0
k141_29900	contig_78152||full: 35165bp	1	14906	36.937295606426844	0.0
k141_846796	contig_69387||full: 15523bp	1	5903	36.62951749017587	0.0
k141_327559	contig_15425||full: 90502bp	1	32978	36.43565888046673	0.0
k141_1163082	contig_78880||full: 48226bp	1	17556	36.23149338531083	0.0
k141_710764	contig_78887||full: 37179bp	1	13491	36.06874848704914	0.0
k141_616110	contig_68550||full: 31983bp	1	11517	36.000375199324644	0.0
k141_893238	contig_76424||full: 57645bp	1	20754	35.99444878133403	0.0
k141_115884	contig_1508||1_partial: 48600bp	1	18592	35.81687242798354	0.0
k141_598958	contig_3556||1_partial: 28122bp	1	9837	35.67313846810326	0.0
k141_215828	contig_79012||full: 29565bp	1	10543	35.42026044309149	0.0
k141_336564	contig_70563||full: 32365bp	1	11634	35.28194036768114	0.0
k141_848052	contig_65326||full: 25551bp	1	9059	35.18844663613949	0.0
k141_385311	contig_74154||full: 14428bp	1	5534	35.160798447463264	0.0
k141_687757	contig_73195||full: 29837bp	1	10861	34.624794717967625	0.0
k141_95559	contig_78965||full: 31459bp	1	10840	34.292253409199276	0.0
k141_128988	contig_3446||0_partial: 25667bp	1	8781	34.20345190322204	0.0
k141_1138765	contig_67816||full: 68537bp	1	25841	34.06335264163882	0.0
k141_804990	contig_2342||0_partial: 197839bp	1	66864	33.7961675908188	0.0
k141_1168084	contig_74742||full: 54878bp	1	18541	33.7694522395131	0.0
k141_542022	contig_38610||full: 39686bp	1	13396	33.7448974449428	0.0
k141_1168035	contig_10358||full: 122301bp	1	40864	33.41019288476791	0.0
k141_821693	contig_47888||full: 41506bp	1	13782	33.19760998409868	0.0
k141_13001	contig_78525||full: 42416bp	1	14085	33.19030554507733	0.0
k141_141996	contig_23097||full: 36640bp	1	11738	33.18777292576419	0.0
k141_11100	contig_15471||full: 44871bp	1	14842	33.132758351719374	0.0
k141_1168074	contig_75760||full: 39845bp	1	13083	32.83222487137658	0.0
k141_521907	contig_69044||full: 32952bp	1	11012	32.74459820344744	0.0
k141_1008903	contig_67608||full: 34572bp	1	11231	32.477149138030775	0.0
k141_1102883	contig_39081||full: 22412bp	1	7204	32.47367481706229	0.0
k141_416329	contig_17485||full: 34851bp	1	11362	32.26880146911136	0.0
k141_818656	contig_1378||0_partial: 69876bp	1	23754	32.06966626595684	0.0
k141_499937	contig_78675||full: 30806bp	1	10353	31.987275206128675	0.0
k141_792101	contig_22280||0_partial: 122382bp	1	39417	31.864163030511023	0.0
k141_719077	contig_78229||full: 161391bp	1	51259	31.644267648134036	0.0
k141_236453	scaffold_13319||1_partial: 79633bp	1	29223	31.636381901975312	0.0
k141_426800	contig_78705||full: 37358bp	1	11697	31.297178649820655	0.0
k141_941374	contig_71847||full: 17407bp	1	5479	31.234560808869993	0.0
k141_922157	contig_60655||full: 30160bp	1	10127	31.203580901856764	0.0
k141_1168090	contig_43377||full: 38301bp	1	11365	31.200229759014125	0.0
k141_1168100	contig_78143||full: 37835bp	1	11795	31.161622835998415	0.0
k141_549530	contig_78755||full: 43792bp	1	13579	31.00337961271465	0.0
k141_84424	contig_17484||full: 19905bp	1	6162	30.946998241647826	0.0
k141_1140448	contig_78451||full: 64223bp	1	22486	30.78647836444887	0.0
k141_1142691	contig_68020||full: 34462bp	1	10704	30.735302652196623	0.0
k141_659260	contig_74724||full: 104106bp	1	31707	30.587093923501047	0.0
k141_167867	contig_60275||full: 103382bp	1	31574	30.53626356619141	0.0
k141_159410	contig_52675||full: 166934bp	1	55335	30.416811434459127	0.0
k141_663028	contig_78524||full: 43206bp	1	13136	30.282831088274776	0.0
k141_1168066	contig_78699||full: 65144bp	1	20037	30.22688198452659	0.0
k141_967267	contig_47797||full: 38220bp	1	12199	30.156985871271587	0.0
k141_1032482	contig_44349||1_partial: 92577bp	1	27943	30.137075083444053	0.0
k141_687756	contig_73195||full: 29837bp	1	9073	30.130375037704862	0.0
k141_58737	contig_78104||full: 73072bp	1	21922	29.993704839062843	0.0
k141_993343	contig_41062||full: 33196bp	1	9951	29.967465959754186	0.0
k141_1050685	contig_43890||full: 46727bp	1	13645	29.616709825154622	0.0
k141_237404	contig_78980||full: 58876bp	1	17386	29.52306542564033	0.0
k141_126245	contig_78923||full: 86330bp	1	25420	29.44167728483725	0.0
k141_985810	contig_34232||full: 100945bp	1	29600	29.283273069493287	0.0
k141_199098	contig_72130||full: 51324bp	1	15025	29.265061179954795	0.0
k141_12896	contig_74452||full: 132041bp	1	38641	29.213653334948994	0.0
k141_699345	contig_26315||full: 41484bp	1	12091	28.854498119757015	0.0
k141_482240	contig_78722||full: 41754bp	1	12008	28.751736360588207	0.0
k141_934250	contig_18603||1_partial: 95685bp	1	26498	28.738046715786172	0.0
k141_426798	contig_78705||full: 37358bp	1	10753	28.671235076824242	0.0
k141_481609	contig_78621||full: 34327bp	1	9832	28.62761091851895	0.0
k141_1168075	contig_75760||full: 39845bp	1	11379	28.55565315597942	0.0
k141_401148	contig_78539||full: 36740bp	1	10483	28.530212302667394	0.0
k141_867968	contig_77854||full: 33263bp	1	9466	28.4490274479151	0.0
k141_1087120	contig_69044||full: 32952bp	1	9343	28.304806991988347	0.0
k141_128987	contig_3446||0_partial: 25667bp	1	7519	28.164569291307906	0.0
k141_559934	contig_1537||0_partial: 30226bp	1	8481	28.052008204856747	0.0
k141_152195	contig_73305||full: 35708bp	1	10244	27.990926403046938	0.0
k141_1096537	contig_78988||full: 37410bp	1	10404	27.805399625768512	0.0
k141_29901	contig_78152||full: 35165bp	1	9775	27.786151002417178	0.0
k141_504069	contig_73910||full: 244398bp	1	67421	27.49531501894451	0.0
k141_1102884	contig_39081||full: 22412bp	1	6205	27.373728359807245	0.0
k141_1138763	contig_28769||full: 35853bp	1	9804	27.339413717122696	0.0
k141_499851	contig_55938||full: 40801bp	1	10915	27.227273841327417	0.0
k141_827711	contig_3556||1_partial: 28122bp	1	7657	27.22068131711827	0.0
k141_368575	contig_3556||0_partial: 102794bp	1	27973	27.126096853901977	0.0
k141_208468	contig_3511||0_partial: 45785bp	1	13082	27.063448727749265	0.0
k141_292022	contig_57485||full: 116430bp	1	30749	26.407283346216612	0.0
k141_396773	contig_60721||full: 185336bp	1	48877	26.370483877929814	0.0
k141_69840	contig_17190||full: 201664bp	1	55945	26.353241034592195	0.0
k141_1168071	contig_46064||full: 40584bp	1	10579	26.06199487482752	0.0
k141_46673	contig_78916||full: 106336bp	1	27350	25.717536864279264	0.0
k141_559933	contig_1537||0_partial: 30226bp	1	7835	25.68649507046913	0.0
k141_1168030	contig_61938||full: 159417bp	1	40890	25.67417527616252	0.0
k141_682659	contig_9213||full: 153441bp	1	40716	25.662632542801468	0.0
k141_706972	contig_48724||full: 38382bp	1	11116	25.608358084518784	0.0
k141_1044185	contig_78995||full: 91182bp	1	23529	25.512710842052158	0.0
k141_305663	contig_3089||0_partial: 37508bp	1	9549	25.397248586968114	0.0
k141_996529	contig_78615||full: 37211bp	1	9541	25.325844508344307	0.0
k141_118553	contig_2013||1_partial: 69425bp	1	17711	25.30068419157364	0.0
k141_472411	contig_45623||full: 36905bp	1	9456	25.243191979406586	0.0
k141_1145685	contig_34890||full: 145232bp	1	36636	25.21827145532665	0.0
k141_168763	contig_8571||0_partial: 52092bp	1	13074	25.094064347692544	0.0
k141_126246	contig_78923||full: 86330bp	1	21276	24.802502027105295	0.0
k141_389149	contig_44546||full: 55685bp	1	13903	24.785848971895483	0.0
k141_60949	contig_54890||full: 33389bp	1	8223	24.618886459612447	0.0
k141_781801	contig_29066||full: 36430bp	1	8911	24.455119407082076	0.0
k141_1168068	contig_78699||full: 65144bp	1	15717	24.120410168242664	0.0
k141_768052	contig_77601||full: 36355bp	1	9745	24.024205748865356	0.0
k141_215830	contig_79012||full: 29565bp	1	7240	23.960764417385423	0.0
k141_405490	contig_75344||full: 29358bp	1	7027	23.921929286736155	0.0
k141_405491	contig_75344||full: 29358bp	1	7148	23.864023434838884	0.0
k141_1021206	contig_77602||full: 57775bp	1	14012	23.858070099524017	0.0
k141_687755	contig_73195||full: 29837bp	1	7093	23.792606495291082	0.0
k141_159411	contig_52675||full: 166934bp	1	39660	23.757293301544323	0.0
k141_375911	contig_28769||full: 35853bp	1	9609	23.627032605360778	0.0
k141_1168069	contig_78699||full: 65144bp	1	15490	23.60309468254943	0.0
k141_215829	contig_79012||full: 29565bp	1	6952	23.50414341281921	0.0
k141_128705	contig_2560||full: 26373bp	1	6846	23.478557615743373	0.0
k141_1012317	contig_77201||full: 84891bp	1	19971	23.458317136092166	0.0
k141_483485	contig_877||1_partial: 75741bp	1	17478	23.25292774058964	0.0
k141_172801	contig_66533||full: 52599bp	1	12615	23.22477613642845	0.0
k141_723035	contig_2101||0_partial: 79455bp	1	20987	23.01428481530426	0.0
k141_367449	contig_78622||full: 202434bp	1	46527	22.981811355799916	0.0
k141_452623	contig_48724||full: 38382bp	1	8785	22.885727684852274	0.0
k141_182429	contig_73910||full: 244398bp	1	55749	22.793558048756537	0.0
k141_670074	contig_72522||full: 106206bp	1	25663	22.77178313842909	0.0
k141_261898	contig_77601||full: 36355bp	1	8401	22.703892174391417	0.0
k141_744516	contig_9933||0_partial: 31106bp	1	7040	22.629074776570437	0.0
k141_82109	contig_39212||full: 31750bp	1	7120	22.20472440944882	0.0
k141_153243	contig_4644||full: 46843bp	1	9944	22.1890143671413	0.0
k141_912329	contig_55462||full: 38751bp	1	8727	22.017496322675544	0.0
k141_260658	contig_28623||full: 69156bp	1	17771	21.976401179941004	0.0
k141_336563	contig_70563||full: 32365bp	1	7105	21.94654719604511	0.0
k141_1028158	contig_18284||full: 52856bp	1	11592	21.92750113515968	0.0
k141_85752	contig_70524||full: 26278bp	1	5759	21.900449044828374	0.0
k141_1100080	contig_73607||full: 30625bp	1	6675	21.782857142857143	0.0
k141_98922	scaffold_53983||0_partial: 55677bp	1	12255	21.752249582412844	0.0
k141_1168067	contig_78699||full: 65144bp	1	14155	21.722645216750582	0.0
k141_17313	contig_78249||full: 51208bp	1	11122	21.717309795344477	0.0
k141_1034509	contig_44349||0_partial: 89698bp	1	19635	21.712858703650024	0.0
k141_373450	contig_78995||full: 91182bp	1	19792	21.699458226404335	0.0
k141_864618	contig_9383||full: 84715bp	1	18315	21.617187038895118	0.0
k141_152326	contig_75708||0_partial: 24398bp	1	5271	21.587835068448232	0.0
k141_472410	contig_45623||full: 36905bp	1	7975	21.571602763853136	0.0
k141_250632	contig_78330||full: 55339bp	1	11844	21.42973309962233	0.0
k141_1168102	contig_11257||0_partial: 106724bp	1	22754	21.338218207713354	0.0
k141_1163084	contig_78880||full: 48226bp	1	11672	21.276904574296022	0.0
k141_742653	contig_665||2_partial: 21860bp	1	5450	21.225983531564502	0.0
k141_616105	contig_19756||0_partial: 108832bp	1	22911	21.05263157894737	0.0
k141_215431	contig_73952||full: 52012bp	1	11204	20.99515496423902	0.0
k141_907123	contig_75379||full: 32660bp	1	6855	20.97672994488671	0.0
k141_777603	contig_4132||full: 43349bp	1	9230	20.971648711619647	0.0
k141_708392	contig_77100||full: 33450bp	1	7364	20.968609865470853	0.0
k141_1096535	contig_78988||full: 37410bp	1	7977	20.962309542902968	0.0
k141_401147	contig_78539||full: 36740bp	1	7647	20.80021774632553	0.0
k141_855221	contig_78339||full: 56728bp	1	12289	20.637075165703003	0.0
k141_860851	contig_38610||full: 39686bp	1	8245	20.48077407650053	0.0
k141_133533	contig_5269||full: 208468bp	1	42666	20.41656273384884	0.0
k141_382621	contig_66387||full: 33468bp	1	6815	20.359746623640493	0.0
k141_967269	contig_47797||full: 38220bp	1	7776	20.33490319204605	0.0
k141_844847	contig_3892||0_partial: 97678bp	1	19741	20.207211449865884	0.0
k141_621322	contig_10138||0_partial: 50923bp	1	10538	20.165740431632074	0.0
k141_682658	contig_9213||full: 153441bp	1	30740	20.024634875945804	0.0
k141_74467	contig_28623||full: 69156bp	1	13709	19.986696743594194	0.0
k141_670073	contig_72522||full: 106206bp	1	21051	19.817147807091878	0.0
k141_1104065	contig_24862||0_partial: 79178bp	1	15883	19.6392937432115	0.0
k141_250323	contig_14435||0_partial: 58530bp	1	11444	19.543823680164017	0.0
k141_660222	contig_58165||full: 392152bp	1	75946	19.36927517901222	0.0
k141_938161	contig_4644||full: 46843bp	1	9065	19.345473176355057	0.0
k141_57272	contig_78519||full: 57028bp	1	10995	19.272988707301675	0.0
k141_534478	contig_17806||full: 35601bp	1	6774	19.013510856436618	0.0
k141_642000	contig_78317||full: 40561bp	1	7697	18.964029486452503	0.0
k141_812304	contig_4132||full: 43349bp	1	8193	18.89316939260421	0.0
k141_1163083	contig_78880||full: 48226bp	1	9117	18.863268776178824	0.0
k141_210679	contig_61206||full: 39968bp	1	7532	18.842574059247397	0.0
k141_867967	contig_77854||full: 33263bp	1	6264	18.819709587229053	0.0
k141_912976	contig_78880||full: 48226bp	1	8659	18.815576659893004	0.0
k141_629453	contig_75755||full: 92891bp	1	16803	18.585223541570226	0.0
k141_781799	contig_29066||full: 36430bp	1	6727	18.46280538018117	0.0
k141_542024	contig_38610||full: 39686bp	1	7325	18.442271833896083	0.0
k141_305662	contig_3089||0_partial: 37508bp	1	6806	18.140130105577477	0.0
k141_1168086	contig_78859||full: 39334bp	1	7201	18.091218792901817	0.0
k141_616091	contig_16704||0_partial: 135891bp	1	28380	18.079931709973433	0.0
k141_977687	contig_75117||full: 131656bp	1	24257	18.043993437443035	0.0
k141_986086	contig_2299||0_partial: 106092bp	1	19030	17.93349168646081	0.0
k141_426748	contig_72522||full: 106206bp	1	19007	17.893527672636196	0.0
k141_510605	contig_47808||full: 30306bp	1	5497	17.79845575133637	0.0
k141_1143811	contig_53512||0_partial: 99115bp	1	18273	17.68854361095697	0.0
k141_236452	scaffold_13319||1_partial: 79633bp	1	14065	17.659764168121256	0.0
k141_1032483	contig_44349||1_partial: 92577bp	1	16588	17.64909210711084	0.0
k141_53223	contig_69044||full: 32952bp	1	5902	17.616533139111436	0.0
k141_553819	contig_1421||1_partial: 93640bp	1	16639	17.59718069201196	0.0
k141_510603	contig_47808||full: 30306bp	1	5513	17.504784531115952	0.0
k141_865157	contig_2013||2_partial: 36577bp	1	6402	17.49186647346693	0.0
k141_260503	contig_22218||0_partial: 92277bp	1	16259	17.464807048343573	0.0
k141_389708	contig_17485||full: 34851bp	1	6294	17.41126509999713	0.0
k141_682754	contig_78982||full: 40491bp	1	7043	17.391519103010545	0.0
k141_264571	contig_47184||full: 36551bp	1	7128	17.31005991628136	0.0
k141_162245	contig_78988||full: 37410bp	1	6366	17.011494252873565	0.0
k141_108879	contig_17485||full: 34851bp	1	5924	16.986600097558178	0.0
k141_102981	contig_1900||0_partial: 138797bp	1	23428	16.921835486357775	0.0
k141_1028159	contig_18284||full: 52856bp	1	9000	16.91387921901014	0.0
k141_470485	contig_62690||full: 34764bp	1	5878	16.90254286043033	0.0
k141_80873	contig_78029||full: 39612bp	1	6633	16.742401292537615	0.0
k141_153244	contig_4644||full: 46843bp	1	7873	16.689793565740878	0.0
k141_801733	contig_49657||full: 39435bp	1	6571	16.652719665271967	0.0
k141_526958	contig_2363||1_partial: 66290bp	1	10951	16.439885352240157	0.0
k141_503868	contig_78525||full: 42416bp	1	6993	16.41597510373444	0.0
k141_1027363	contig_78749||full: 99373bp	1	17057	16.37466917573184	0.0
k141_40524	contig_78589||full: 41550bp	1	6765	16.27436823104693	0.0
k141_855219	contig_78339||full: 56728bp	1	9227	16.261810746016078	0.0
k141_627472	contig_3183||0_partial: 156746bp	1	25463	16.241562783101323	0.0
k141_1168036	contig_10358||full: 122301bp	1	19849	16.225541900720355	0.0
k141_821692	contig_47888||full: 41506bp	1	6706	16.15188165566424	0.0
k141_558697	contig_78229||full: 161391bp	1	21074	16.126673730257572	0.0
k141_1114523	contig_78959||full: 32867bp	1	5292	16.09517144856543	0.0
k141_1168052	contig_78983||full: 61298bp	1	9868	16.093510391856178	0.0
k141_996531	contig_78615||full: 37211bp	1	5971	16.038268254010912	0.0
k141_629455	contig_75755||full: 92891bp	1	14865	16.00047367344522	0.0
k141_811626	contig_3567||1_partial: 48250bp	1	7621	15.790673575129533	0.0
k141_263410	contig_24862||0_partial: 79178bp	1	12487	15.724064765465155	0.0
k141_682756	contig_78982||full: 40491bp	1	6700	15.650391445012472	0.0
k141_499850	contig_55938||full: 40801bp	1	6392	15.614813362417587	0.0
k141_71355	contig_44546||full: 55685bp	1	8694	15.60743467720212	0.0
k141_373449	contig_78995||full: 91182bp	1	14159	15.522800552740673	0.0
k141_1021204	contig_77602||full: 57775bp	1	8978	15.451319774989182	0.0
k141_1015711	contig_2101||0_partial: 79455bp	1	12235	15.393619029639419	0.0
k141_120856	contig_58165||full: 392152bp	1	60222	15.356290418001183	0.0
k141_276141	contig_40672||1_partial: 104069bp	1	15953	15.289855768768797	0.0
k141_1121906	contig_27449||0_partial: 96562bp	1	14582	15.084608852343573	0.0
k141_744517	contig_49245||full: 43144bp	1	6495	15.04728351566846	0.0
k141_470484	contig_62690||full: 34764bp	1	5563	15.044298699804395	0.0
k141_1004716	contig_4614||1_partial: 104596bp	1	15652	14.959463076981912	0.0
k141_531728	contig_73450||full: 73047bp	1	11051	14.931482470190426	0.0
k141_144731	contig_32130||0_partial: 59046bp	1	8947	14.927344782034346	0.0
k141_469309	contig_690||0_partial: 117181bp	1	17545	14.873571654107748	0.0
k141_68907	contig_2113||0_partial: 140237bp	1	21101	14.86198364197751	0.0
k141_379901	contig_78229||full: 161391bp	1	23924	14.769720740313897	0.0
k141_336254	contig_17806||full: 35601bp	1	5231	14.69059857869161	0.0
k141_1096536	contig_78988||full: 37410bp	1	5490	14.664528201015772	0.0
k141_242053	contig_66533||full: 52599bp	1	8362	14.625753341318276	0.0
k141_896710	contig_63133||0_partial: 36722bp	1	5739	14.571646424486683	0.0
k141_934580	contig_9213||full: 153441bp	1	22897	14.563904041292744	0.0
k141_261899	contig_77601||full: 36355bp	1	5282	14.517948012653004	0.0
k141_904541	contig_78722||full: 41754bp	1	6213	14.391435551084927	0.0
k141_1043999	contig_76424||full: 57645bp	1	8312	14.351635007372712	0.0
k141_327557	contig_15425||full: 90502bp	1	12926	14.280347395637666	0.0
k141_88236	contig_77794||full: 52016bp	1	7419	14.257151645647493	0.0
k141_654464	contig_78406||full: 50515bp	1	6710	14.233396020983866	0.0
k141_889387	contig_64137||full: 46823bp	1	6648	14.191743373982872	0.0
k141_236156	contig_14183||0_partial: 52665bp	1	8095	14.1498148675591	0.0
k141_994546	contig_74062||full: 40255bp	1	5694	14.137374239224942	0.0
k141_1168042	contig_78732||full: 162707bp	1	23114	14.136453871068854	0.0
k141_912330	contig_55462||full: 38751bp	1	5417	13.971252354777942	0.0
k141_237405	contig_78980||full: 58876bp	1	8190	13.90209932739996	0.0
k141_447315	contig_14435||0_partial: 58530bp	1	8120	13.866393302579873	0.0
k141_781800	contig_29066||full: 36430bp	1	5040	13.826516607191875	0.0
k141_283431	contig_1367||0_partial: 96349bp	1	13128	13.76454348254782	0.0
k141_250635	contig_78330||full: 55339bp	1	7469	13.742568532138275	0.0
k141_107001	contig_1421||1_partial: 93640bp	1	13186	13.580734728748398	0.0
k141_710762	contig_78887||full: 37179bp	1	5041	13.553350009413917	0.0
k141_621320	contig_10138||0_partial: 50923bp	1	6931	13.408479469002218	0.0
k141_242052	contig_66533||full: 52599bp	1	7109	13.331051921139185	0.0
k141_260502	contig_22218||0_partial: 92277bp	1	12290	13.317511405875788	0.0
k141_549529	contig_78755||full: 43792bp	1	5817	13.274113993423457	0.0
k141_616090	contig_16704||0_partial: 135891bp	1	17884	13.158340140259472	0.0
k141_252818	contig_73481||full: 76330bp	1	10018	13.154722913664353	0.0
k141_1168101	contig_11257||0_partial: 106724bp	1	13955	13.072973276863685	0.0
k141_466194	contig_41036||full: 117941bp	1	15447	13.072638013922216	0.0
k141_98921	scaffold_53983||0_partial: 55677bp	1	7764	12.944303751998133	0.0
k141_1021328	contig_75329||full: 144943bp	1	18751	12.899553617629	0.0
k141_800643	contig_645||0_partial: 173347bp	1	22532	12.867254697225796	0.0
k141_641999	contig_78317||full: 40561bp	1	5382	12.817731318261384	0.0
k141_904539	contig_78722||full: 41754bp	1	5345	12.793983809934378	0.0
k141_482239	contig_78722||full: 41754bp	1	5567	12.743689227379413	0.0
k141_1145397	contig_78865||full: 55613bp	1	7171	12.604966464675526	0.0
k141_61611	contig_74091||full: 160867bp	1	20083	12.482361205219219	0.0
k141_832617	contig_68624||full: 43301bp	1	5630	12.46853421399044	0.0
k141_762494	contig_78078||full: 136920bp	1	17285	12.4291557113643	0.0
k141_297942	contig_20342||full: 136198bp	1	16814	12.343793594619598	0.0
k141_145624	contig_13701||full: 168319bp	1	21596	12.317088385743737	0.0
k141_953515	contig_55938||full: 40801bp	1	5012	12.281561726428274	0.0
k141_60175	contig_16602||full: 114127bp	1	13925	12.164518475032201	0.0
k141_373613	contig_14183||0_partial: 52665bp	1	6685	12.140890534510586	0.0
k141_893558	contig_8144||0_partial: 84629bp	1	10263	12.12350376348533	0.0
k141_667620	contig_78877||full: 37656bp	1	5339	12.06713405566178	0.0
k141_180325	contig_69459||full: 71659bp	1	8629	12.04035780571875	0.0
k141_13763	contig_645||0_partial: 173347bp	1	20860	12.031359065919803	0.0
k141_1044186	contig_78995||full: 91182bp	1	10869	11.91682568928078	0.0
k141_14276	contig_68637||full: 117161bp	1	13856	11.905838973719924	0.0
k141_375910	contig_67816||full: 68537bp	1	8064	11.760071202416214	0.0
k141_1140447	contig_78451||full: 64223bp	1	7584	11.724771499307101	0.0
k141_985809	contig_34232||full: 100945bp	1	11816	11.70439348159889	0.0
k141_75110	contig_34232||full: 100945bp	1	11810	11.696468373866956	0.0
k141_1168076	contig_78978||full: 49209bp	1	5730	11.615761344469508	0.0
k141_210680	contig_1767||0_partial: 62786bp	1	7396	11.615646800242093	0.0
k141_276142	contig_40672||1_partial: 104069bp	1	12237	11.607683363922014	0.0
k141_340374	contig_7999||1_partial: 55950bp	1	6527	11.571045576407506	0.0
k141_102091	contig_78668||full: 98404bp	1	11641	11.506646071297915	0.0
k141_167456	contig_2136||0_partial: 322784bp	1	37112	11.495922970159612	0.0
k141_227153	contig_2363||0_partial: 147136bp	1	16738	11.375190300130491	0.0
k141_42049	contig_21362||full: 350468bp	1	41087	11.312302407067122	0.0
k141_938162	contig_4644||full: 46843bp	1	6533	11.222594624597058	0.0
k141_202651	contig_3693||0_partial: 275698bp	1	30981	11.124854006920616	0.0
k141_29877	contig_76959||full: 169670bp	1	21904	11.114516414215831	0.0
k141_272184	contig_3674||full: 113520bp	1	12936	11.072057787174066	0.0
k141_616104	contig_19756||0_partial: 108832bp	1	11956	10.982982946192296	0.0
k141_783207	contig_877||1_partial: 75741bp	1	8106	10.958397697416194	0.0
k141_985811	contig_34232||full: 100945bp	1	11061	10.956461439397692	0.0
k141_84124	contig_63397||full: 60793bp	1	6648	10.932179691740826	0.0
k141_862088	contig_60724||full: 159474bp	1	17778	10.905225930245683	0.0
k141_811625	contig_3567||1_partial: 48250bp	1	5192	10.746113989637307	0.0
k141_3849	contig_2013||0_partial: 111829bp	1	12393	10.630516234608196	0.0
k141_620604	contig_78477||full: 118948bp	1	12636	10.619766620708209	0.0
k141_496406	contig_78477||full: 118948bp	1	13142	10.58950129468339	0.0
k141_645242	contig_34782||full: 87230bp	1	10054	10.52619511635905	0.0
k141_160902	contig_78249||full: 51208bp	1	5396	10.523746289642244	0.0
k141_373451	contig_78995||full: 91182bp	1	9781	10.458204470180519	0.0
k141_62858	contig_5269||full: 208468bp	1	24809	10.42654028436019	0.0
k141_69838	contig_17190||full: 201664bp	1	20924	10.360798159314504	0.0
k141_215358	contig_18603||1_partial: 95685bp	1	9827	10.23671421852955	0.0
k141_1084256	contig_19894||full: 158480bp	1	16326	10.214538112064615	0.0
k141_340372	contig_7999||1_partial: 55950bp	1	5716	10.210902591599643	0.0
k141_221479	contig_2136||3_partial: 129886bp	1	13245	10.156598863618866	0.0
k141_140733	contig_1902||0_partial: 76336bp	1	7776	10.15248375602599	0.0
k141_819791	contig_61798||full: 52716bp	1	5321	10.0861218605357	0.0
k141_1168034	contig_10358||full: 122301bp	1	12214	9.985200448074831	0.0
k141_504070	contig_73910||full: 244398bp	1	24833	9.983715087684843	0.0
k141_819790	contig_61798||full: 52716bp	1	5521	9.94574702177707	0.0
k141_844848	contig_3892||0_partial: 97678bp	1	9610	9.834353692745552	0.0
k141_1168064	contig_78455||full: 253943bp	1	24771	9.79550529055733	0.0
k141_353322	contig_35439||0_partial: 108838bp	1	10782	9.777834947352947	0.0
k141_487877	contig_2125||0_partial: 336006bp	1	33204	9.72363588745439	0.0
k141_144732	contig_32130||0_partial: 59046bp	1	5541	9.495986180266232	0.0
k141_250634	contig_78330||full: 55339bp	1	5151	9.299047687887384	0.0
k141_546112	contig_32130||0_partial: 59046bp	1	5473	9.26565728415134	0.0
k141_60177	contig_16602||full: 114127bp	1	10556	9.246716377369072	0.0
k141_279006	contig_58165||full: 392152bp	1	35963	9.174758767008711	0.0
k141_470616	contig_1714||full: 81507bp	1	7374	9.04216815733618	0.0
k141_516267	contig_73910||full: 244398bp	1	22064	9.029533793238897	0.0
k141_474011	contig_7642||full: 183974bp	1	16543	8.964853729331319	0.0
k141_569818	contig_68637||full: 117161bp	1	10490	8.95093077047823	0.0
k141_282679	contig_74850||full: 61352bp	1	5467	8.90761507367323	0.0
k141_835031	contig_12||0_partial: 121479bp	1	10823	8.906889256579326	0.0
k141_382723	contig_78936||full: 73928bp	1	6577	8.892435883562385	0.0
k141_336115	contig_75117||full: 131656bp	1	11698	8.882238561098621	0.0
k141_934579	contig_9213||full: 153441bp	1	13199	8.598744794416096	0.0
k141_85844	contig_665||1_partial: 84800bp	1	7353	8.528301886792454	0.0
k141_29876	contig_76959||full: 169670bp	1	13417	8.507102021571285	0.0
k141_46672	contig_78916||full: 106336bp	1	9027	8.485367138128197	0.0
k141_859212	contig_9964||full: 166572bp	1	14081	8.452200850082846	0.0
k141_90906	contig_1714||full: 81507bp	1	6871	8.426270136307311	0.0
k141_629454	contig_75755||full: 92891bp	1	7817	8.410933244340141	0.0
k141_934251	contig_18603||1_partial: 95685bp	1	7856	8.38375920990751	0.0
k141_461392	contig_78972||full: 90025bp	1	7436	8.239933351846709	0.0
k141_502622	contig_58165||full: 392152bp	1	31270	8.225381994736734	0.0
k141_225482	contig_78229||full: 161391bp	1	13855	8.223506887001134	0.0
k141_461391	contig_78972||full: 90025bp	1	7351	8.159955567897805	0.0
k141_341116	contig_2136||1_partial: 282410bp	1	22968	8.132148295032046	0.0
k141_912282	contig_16638||full: 109701bp	1	9038	8.112961595609885	0.0
k141_1057743	contig_69459||full: 71659bp	1	5894	8.029696200058611	0.0
k141_912281	contig_16638||full: 109701bp	1	8752	7.974403150381492	0.0
k141_265394	contig_7642||full: 183974bp	1	14248	7.743485492515247	0.0
k141_991133	contig_27449||0_partial: 96562bp	1	7414	7.6727905387212365	0.0
k141_835032	contig_12||0_partial: 121479bp	1	9324	7.588142806575622	0.0
k141_1015712	contig_2101||0_partial: 79455bp	1	6005	7.555219935812724	0.0
k141_174139	contig_74452||full: 132041bp	1	10205	7.534023522996645	0.0
k141_514590	contig_60724||full: 159474bp	1	12013	7.5303811279581625	0.0
k141_75109	contig_34232||full: 100945bp	1	7540	7.465451483481104	0.0
k141_531727	contig_73450||full: 73047bp	1	5453	7.45821183621504	0.0
k141_859210	contig_9964||full: 166572bp	1	12436	7.440025934730927	0.0
k141_279004	contig_58165||full: 392152bp	1	27737	7.325220832738326	0.0
k141_382114	contig_22743||full: 181713bp	1	13583	7.309328446506304	0.0
k141_497465	contig_19894||full: 158480bp	1	11561	7.292402826855124	0.0
k141_42048	contig_21362||full: 350468bp	1	26581	7.238321330335437	0.0
k141_854620	contig_7681||0_partial: 129972bp	1	9396	7.226941187332656	0.0
k141_202653	contig_3693||0_partial: 275698bp	1	19896	7.215866636682167	0.0
k141_100950	contig_71464||full: 201965bp	1	14510	7.181937464412151	0.0
k141_353323	contig_35439||0_partial: 108838bp	1	7809	7.173046178724342	0.0
k141_3850	contig_2013||0_partial: 111829bp	1	7851	7.148414096522369	0.0
k141_182430	contig_73910||full: 244398bp	1	17444	7.136310444438989	0.0
k141_651058	contig_2136||2_partial: 141070bp	1	9860	6.988020131849437	0.0
k141_87020	contig_2342||0_partial: 197839bp	1	13717	6.932404632049293	0.0
k141_388187	contig_20235||0_partial: 225478bp	1	15600	6.91774807298273	0.0
k141_483484	contig_877||1_partial: 75741bp	1	5239	6.911712282647443	0.0
k141_845668	contig_74724||full: 104106bp	1	8522	6.8804871957428	0.0
k141_207710	contig_7642||full: 183974bp	1	12620	6.8591213975887895	0.0
k141_252817	contig_73481||full: 76330bp	1	5207	6.7823922442028035	0.0
k141_1034508	contig_44349||0_partial: 89698bp	1	6059	6.749314365983634	0.0
k141_276140	contig_40672||1_partial: 104069bp	1	6882	6.6100375712267825	0.0
k141_986085	contig_2299||0_partial: 106092bp	1	6963	6.5603438525053726	0.0
k141_502623	contig_58165||full: 392152bp	1	25724	6.550521226463208	0.0
k141_954027	contig_71464||full: 201965bp	1	13401	6.528358874062338	0.0
k141_156892	contig_21362||full: 350468bp	1	22813	6.508725475649703	0.0
k141_12895	contig_74452||full: 132041bp	1	9549	6.485864239137843	0.0
k141_845669	contig_74724||full: 104106bp	1	7003	6.430945382590821	0.0
k141_864619	contig_9383||full: 84715bp	1	5499	6.364870447972614	0.0
k141_156713	contig_20342||full: 136198bp	1	8669	6.362061116903332	0.0
k141_15381	contig_53512||0_partial: 99115bp	1	6219	6.270493870756193	0.0
k141_624714	contig_7642||full: 183974bp	1	11160	6.044332351310511	0.0
k141_225481	contig_78229||full: 161391bp	1	9692	5.930937908557478	0.0
k141_800644	contig_645||0_partial: 173347bp	1	10213	5.8893433402366355	0.0
k141_1137131	contig_59957||full: 387205bp	1	22816	5.877765008199791	0.0
k141_862089	contig_60724||full: 159474bp	1	9518	5.787150256468139	0.0
k141_469310	contig_690||0_partial: 117181bp	1	6995	5.7415451310366015	0.0
k141_156891	contig_21362||full: 350468bp	1	20081	5.729196388828652	0.0
k141_283432	contig_1367||0_partial: 96349bp	1	5928	5.712565776500016	0.0
k141_227155	contig_2363||0_partial: 147136bp	1	8397	5.705605698129622	0.0
k141_327556	contig_15425||full: 90502bp	1	5155	5.694901770126627	0.0
k141_227154	contig_2363||0_partial: 147136bp	1	8373	5.68997390169639	0.0
k141_279007	contig_58165||full: 392152bp	1	22325	5.626134764071074	0.0
k141_510807	contig_76959||full: 169670bp	1	9274	5.464136264513467	0.0
k141_929424	contig_34232||full: 100945bp	1	5410	5.26524344940314	0.0
k141_1027362	contig_78749||full: 99373bp	1	5141	5.169412214585451	0.0
k141_1145686	contig_34890||full: 145232bp	1	7198	5.1620854908009255	0.0
k141_5120	contig_2136||3_partial: 129886bp	1	6660	5.097547079746855	0.0
k141_133534	contig_5269||full: 208468bp	1	10224	4.982539286605139	0.0
k141_514589	contig_60724||full: 159474bp	1	7880	4.938109033447459	0.0
k141_558696	contig_78229||full: 161391bp	1	8095	4.772261154587307	0.0
k141_520974	contig_1421||0_partial: 297004bp	1	14095	4.744717242865416	0.0
k141_1043213	contig_14720||0_partial: 182106bp	1	8583	4.710443368148221	0.0
k141_850429	contig_16180||full: 188268bp	1	8942	4.702870376272123	0.0
k141_979213	contig_20235||0_partial: 225478bp	1	10588	4.694914803218052	0.0
k141_647689	contig_2316||0_partial: 160213bp	1	7494	4.6750263711434155	0.0
k141_840814	contig_71762||full: 180192bp	1	9016	4.66724382880483	0.0
k141_647688	contig_2316||0_partial: 160213bp	1	7437	4.6394487338730315	0.0
k141_388188	contig_20235||0_partial: 225478bp	1	10244	4.605770851258216	0.0
k141_429953	contig_16638||full: 109701bp	1	5679	4.597041047939399	0.0
k141_620603	contig_78477||full: 118948bp	1	5457	4.5557722702357335	0.0
k141_479410	contig_7642||full: 183974bp	1	9273	4.529444378009936	0.0
k141_207709	contig_7642||full: 183974bp	1	8200	4.454977333753683	0.0
k141_423714	contig_7681||0_partial: 129972bp	1	5532	4.2539931677592095	0.0
k141_840812	contig_71762||full: 180192bp	1	7652	4.246581424258569	0.0
k141_367450	contig_78622||full: 202434bp	1	8405	4.150982542458283	0.0
k141_619295	contig_3183||1_partial: 131834bp	1	5567	4.129435502222492	0.0
k141_465602	contig_15626||0_partial: 124959bp	1	5094	4.073336054225786	0.0
k141_850428	contig_16180||full: 188268bp	1	7326	3.890730235621561	0.0
k141_510808	contig_76959||full: 169670bp	1	6557	3.861613720752048	0.0
k141_228492	contig_60724||full: 159474bp	1	6167	3.8589362529315125	0.0
k141_6751	contig_22743||full: 181713bp	1	6685	3.6662209087957383	0.0
k141_979065	contig_2136||0_partial: 322784bp	1	11776	3.658793496579756	0.0
k141_859211	contig_9964||full: 166572bp	1	6047	3.6296616478159596	0.0
k141_237909	contig_20235||0_partial: 225478bp	1	8108	3.5945857245496233	0.0
k141_379902	contig_78229||full: 161391bp	1	5785	3.5819841255088574	0.0
k141_719078	contig_78229||full: 161391bp	1	5635	3.4122100984565433	0.0
k141_1043214	contig_14720||0_partial: 182106bp	1	6292	3.3601309127650927	0.0
k141_404973	contig_58165||full: 392152bp	1	12658	3.226555009282115	0.0
k141_624712	contig_7642||full: 183974bp	1	5922	3.2178459999782576	0.0
k141_100951	contig_71464||full: 201965bp	1	6373	3.154506969029287	0.0
k141_265393	contig_7642||full: 183974bp	1	5666	3.077065237479209	0.0
k141_1018486	contig_60724||full: 159474bp	1	5054	3.0468916563201525	0.0
k141_380089	contig_1421||0_partial: 297004bp	1	8713	2.9292534780676354	0.0
k141_213920	contig_22743||full: 181713bp	1	5194	2.8572529208146915	0.0
k141_121443	contig_7642||full: 183974bp	1	5056	2.752562862143564	0.0
k141_404975	contig_58165||full: 392152bp	1	10724	2.6986984638609517	0.0
k141_990436	contig_21362||full: 350468bp	1	8604	2.4544323590170856	0.0
k141_62857	contig_5269||full: 208468bp	1	5101	2.444979565209049	0.0
k141_516268	contig_73910||full: 244398bp	1	5972	2.3682681527672074	0.0
k141_979214	contig_20235||0_partial: 225478bp	1	5334	2.363866984805613	0.0
k141_990437	contig_21362||full: 350468bp	1	8234	2.3485739068902154	0.0
k141_106597	contig_2136||1_partial: 282410bp	1	6187	2.3115328777309587	0.0
k141_77057	contig_58165||full: 392152bp	1	8584	2.1879271302964156	0.0
k141_156890	contig_21362||full: 350468bp	1	7641	2.163678281612016	0.0
k141_1168062	contig_78455||full: 253943bp	1	5177	2.0374651004359245	0.0
k141_1119137	contig_74330||full: 379779bp	1	6947	1.8286951095242232	0.0
k141_77055	contig_58165||full: 392152bp	1	6979	1.778902058385524	0.0
k141_120855	contig_58165||full: 392152bp	1	6846	1.7365715334870153	0.0
k141_84468	contig_74330||full: 379779bp	1	5639	1.4742784619476064	0.0
k141_994871	None: 0bp	1	7645	0	0
k141_982781	None: 0bp	1	8075	0	0
k141_979066	None: 0bp	1	8876	0	0
k141_934581	None: 0bp	1	6542	0	0
k141_91190	None: 0bp	1	12387	0	0
k141_91189	None: 0bp	1	7668	0	0
k141_897298	None: 0bp	1	28359	0	0
k141_896709	None: 0bp	1	7386	0	0
k141_893559	None: 0bp	1	60990	0	0
k141_874563	None: 0bp	1	9212	0	0
k141_864209	None: 0bp	1	7373	0	0
k141_864208	None: 0bp	1	8524	0	0
k141_859880	None: 0bp	1	8603	0	0
k141_85751	None: 0bp	1	6699	0	0
k141_849035	None: 0bp	1	11960	0	0
k141_8477	None: 0bp	1	26204	0	0
k141_839226	None: 0bp	1	21141	0	0
k141_820654	None: 0bp	1	9164	0	0
k141_809206	None: 0bp	1	7654	0	0
k141_80872	None: 0bp	1	47000	0	0
k141_792102	None: 0bp	1	42323	0	0
k141_791957	None: 0bp	1	8425	0	0
k141_787451	None: 0bp	1	7406	0	0
k141_787450	None: 0bp	1	6016	0	0
k141_755554	None: 0bp	1	18971	0	0
k141_752287	None: 0bp	1	5283	0	0
k141_744937	None: 0bp	1	7610	0	0
k141_715680	None: 0bp	1	63162	0	0
k141_70023	None: 0bp	1	9314	0	0
k141_696506	None: 0bp	1	14055	0	0
k141_693949	None: 0bp	1	8185	0	0
k141_686848	None: 0bp	1	5503	0	0
k141_68222	None: 0bp	1	5768	0	0
k141_680493	None: 0bp	1	10342	0	0
k141_669860	None: 0bp	1	6471	0	0
k141_650469	None: 0bp	1	9386	0	0
k141_650468	None: 0bp	1	35566	0	0
k141_646575	None: 0bp	1	47884	0	0
k141_643846	None: 0bp	1	5426	0	0
k141_639109	None: 0bp	1	11766	0	0
k141_628553	None: 0bp	1	5853	0	0
k141_616950	None: 0bp	1	28475	0	0
k141_61613	None: 0bp	1	34452	0	0
k141_60950	None: 0bp	1	6942	0	0
k141_601347	None: 0bp	1	5324	0	0
k141_598960	None: 0bp	1	19166	0	0
k141_596126	None: 0bp	1	31134	0	0
k141_596125	None: 0bp	1	27314	0	0
k141_590944	None: 0bp	1	7534	0	0
k141_587539	None: 0bp	1	126000	0	0
k141_580164	None: 0bp	1	84524	0	0
k141_540767	None: 0bp	1	6053	0	0
k141_540766	None: 0bp	1	8863	0	0
k141_533896	None: 0bp	1	8121	0	0
k141_530528	None: 0bp	1	25299	0	0
k141_528659	None: 0bp	1	12159	0	0
k141_523429	None: 0bp	1	19707	0	0
k141_523428	None: 0bp	1	6350	0	0
k141_520552	None: 0bp	1	56244	0	0
k141_516675	None: 0bp	1	8293	0	0
k141_512671	None: 0bp	1	26947	0	0
k141_497810	None: 0bp	1	95632	0	0
k141_497809	None: 0bp	1	12852	0	0
k141_48847	None: 0bp	1	65180	0	0
k141_470185	None: 0bp	1	14696	0	0
k141_466192	None: 0bp	1	26987	0	0
k141_449729	None: 0bp	1	13397	0	0
k141_448921	None: 0bp	1	6280	0	0
k141_443010	None: 0bp	1	6905	0	0
k141_443008	None: 0bp	1	19386	0	0
k141_438780	None: 0bp	1	8499	0	0
k141_431431	None: 0bp	1	16400	0	0
k141_429952	None: 0bp	1	8695	0	0
k141_419732	None: 0bp	1	10196	0	0
k141_416929	None: 0bp	1	14310	0	0
k141_412457	None: 0bp	1	6142	0	0
k141_405137	None: 0bp	1	6153	0	0
k141_401729	None: 0bp	1	6506	0	0
k141_400302	None: 0bp	1	10034	0	0
k141_400301	None: 0bp	1	40347	0	0
k141_385026	None: 0bp	1	10608	0	0
k141_382115	None: 0bp	1	13036	0	0
k141_38156	None: 0bp	1	6619	0	0
k141_377431	None: 0bp	1	8641	0	0
k141_377044	None: 0bp	1	11579	0	0
k141_376398	None: 0bp	1	5646	0	0
k141_375743	None: 0bp	1	22202	0	0
k141_353618	None: 0bp	1	7867	0	0
k141_353617	None: 0bp	1	5890	0	0
k141_348541	None: 0bp	1	27201	0	0
k141_346106	None: 0bp	1	14060	0	0
k141_336038	None: 0bp	1	22610	0	0
k141_335305	None: 0bp	1	10809	0	0
k141_333609	None: 0bp	1	11409	0	0
k141_331993	None: 0bp	1	8363	0	0
k141_327891	None: 0bp	1	6502	0	0
k141_324894	None: 0bp	1	18528	0	0
k141_324893	None: 0bp	1	87710	0	0
k141_316584	None: 0bp	1	7972	0	0
k141_316583	None: 0bp	1	5259	0	0
k141_316383	None: 0bp	1	10155	0	0
k141_316382	None: 0bp	1	5323	0	0
k141_31477	None: 0bp	1	5902	0	0
k141_312414	None: 0bp	1	13744	0	0
k141_30812	None: 0bp	1	5904	0	0
k141_30341	None: 0bp	1	8754	0	0
k141_30340	None: 0bp	1	6316	0	0
k141_302251	None: 0bp	1	13018	0	0
k141_292208	None: 0bp	1	7524	0	0
k141_281972	None: 0bp	1	5669	0	0
k141_281971	None: 0bp	1	7218	0	0
k141_277509	None: 0bp	1	45899	0	0
k141_261900	None: 0bp	1	12483	0	0
k141_253740	None: 0bp	1	9557	0	0
k141_252787	None: 0bp	1	42689	0	0
k141_250489	None: 0bp	1	10568	0	0
k141_250488	None: 0bp	1	14048	0	0
k141_249933	None: 0bp	1	15572	0	0
k141_217931	None: 0bp	1	5941	0	0
k141_201290	None: 0bp	1	5912	0	0
k141_201289	None: 0bp	1	6130	0	0
k141_191867	None: 0bp	1	59732	0	0
k141_185235	None: 0bp	1	17214	0	0
k141_167257	None: 0bp	1	6252	0	0
k141_167256	None: 0bp	1	7545	0	0
k141_15980	None: 0bp	1	7478	0	0
k141_153412	None: 0bp	1	44759	0	0
k141_153407	None: 0bp	1	25414	0	0
k141_153406	None: 0bp	1	17191	0	0
k141_149053	None: 0bp	1	73348	0	0
k141_145625	None: 0bp	1	15258	0	0
k141_140734	None: 0bp	1	6018	0	0
k141_140020	None: 0bp	1	5084	0	0
k141_140019	None: 0bp	1	7228	0	0
k141_140018	None: 0bp	1	13122	0	0
k141_137444	None: 0bp	1	6833	0	0
k141_137443	None: 0bp	1	25298	0	0
k141_134739	None: 0bp	1	8165	0	0
k141_134738	None: 0bp	1	9520	0	0
k141_134737	None: 0bp	1	12982	0	0
k141_134736	None: 0bp	1	17359	0	0
k141_133791	None: 0bp	1	59282	0	0
k141_133790	None: 0bp	1	35053	0	0
k141_129995	None: 0bp	1	51954	0	0
k141_129357	None: 0bp	1	50059	0	0
k141_126927	None: 0bp	1	43177	0	0
k141_124035	None: 0bp	1	13183	0	0
k141_120909	None: 0bp	1	15977	0	0
k141_1168049	None: 0bp	1	24919	0	0
k141_1168026	None: 0bp	1	36559	0	0
k141_1168025	None: 0bp	1	5223	0	0
k141_1168024	None: 0bp	1	9743	0	0
k141_1168006	None: 0bp	1	21399	0	0
k141_1168005	None: 0bp	1	31032	0	0
k141_1164692	None: 0bp	1	8284	0	0
k141_1161116	None: 0bp	1	11701	0	0
k141_1147139	None: 0bp	1	48411	0	0
k141_1145591	None: 0bp	1	42769	0	0
k141_1140445	None: 0bp	1	32801	0	0
k141_1118276	None: 0bp	1	7303	0	0
k141_1118275	None: 0bp	1	5976	0	0
k141_1112643	None: 0bp	1	6967	0	0
k141_1090205	None: 0bp	1	7564	0	0
k141_106070	None: 0bp	1	6985	0	0
k141_1059933	None: 0bp	1	8937	0	0
k141_1055023	None: 0bp	1	23959	0	0
k141_1055022	None: 0bp	1	13042	0	0
k141_103228	None: 0bp	1	16146	0	0
k141_103227	None: 0bp	1	8955	0	0
k141_101676	None: 0bp	1	8715	0	0
k141_1016452	None: 0bp	1	7192	0	0
k141_1014265	None: 0bp	1	26241	0	0
k141_101133	None: 0bp	1	8868	0	0
k141_100810	None: 0bp	1	10590	0	0
k141_1004249	None: 0bp	1	17967	0	0
